"State","Instructions","ProgramExit","RipesExit"
"12345672121232","11721623","0","0"
"12345672123212","10249614","0","0"
"12345672321212","8000789","0","0"
"12345673131323","11536928","0","0"
"12345673132313","12379308","0","0"
"12345673231313","8401820","0","0"
"12345761111111","28316001","0","0"
"12346571111231","24106609","0","0"
"12346751113133","10436847","0","0"
"12347561112212","9811700","0","0"
"12347651111111","37456829","0","0"
"12347651122112","9147250","0","0"
"12347651133311","8048487","0","0"
"12347652111221","4823599","0","0"
"12347652123233","8743394","0","0"
"12347652123332","10734126","0","0"
"12347652223232","5904832","0","0"
"12347653111133","5641275","0","0"
"12347653132223","7835119","0","0"
"12347653132322","7792205","0","0"
"12347653332323","6342194","0","0"
"12354671111111","12575420","0","0"
"12354761112323","29845928","0","0"
"12354762121112","10448939","0","0"
"12354762121211","9121885","0","0"
"12354762311123","7839909","0","0"
"12354763131131","8612109","0","0"
"12354763133111","7946132","0","0"
"12354763211123","8422512","0","0"
"12356471113133","11327741","0","0"
"12356741133131","7958092","0","0"
"12356741313131","7702807","0","0"
"12356743113131","7662586","0","0"
"12357461111222","12897866","0","0"
"12357461113331","12223795","0","0"
"12357462211112","9307376","0","0"
"12357641113331","10666785","0","0"
"12364571112212","13116991","0","0"
"12364751112212","11550673","0","0"
"12364751113133","11060695","0","0"
"12364753311131","7966223","0","0"
"12365471111111","23789685","0","0"
"12365471211122","9512842","0","0"
"12365471313113","5717677","0","0"
"12365472223232","5405080","0","0"
"12365472321233","6709061","0","0"
"12365473232312","6320736","0","0"
"12365473332323","6837358","0","0"
"12365741113331","11698267","0","0"
"12367451123333","9146815","0","0"
"12367451132222","8353129","0","0"
"12367451213333","7377550","0","0"
"12367451312222","11723462","0","0"
"12367452113333","10738315","0","0"
"12367453112222","8480100","0","0"
"12367541112212","12263207","0","0"
"12367541113331","14961569","0","0"
"12367541331131","6810257","0","0"
"12374561121212","8182548","0","0"
"12374561211212","7190242","0","0"
"12374562111212","9320435","0","0"
"12374651111222","12606919","0","0"
"12375461111222","12150724","0","0"
"12375641113112","11830828","0","0"
"12376451111222","13048717","0","0"
"12376451113133","12983020","0","0"
"12376451221211","8599194","0","0"
"12376541112323","23577525","0","0"
"12376541232233","11683267","0","0"
"12376541322233","7293964","0","0"
"12376542121232","8964299","0","0"
"12376542123212","8430072","0","0"
"12376543133132","8751316","0","0"
"12376543133231","7847482","0","0"
"12456731132321","11873980","0","0"
"12456731233223","11048740","0","0"
"12456733223321","6118170","0","0"
"12463751231231","7857818","0","0"
"12467351131121","7869896","0","0"
"12467351231321","7924850","0","0"
"12473561132123","6974810","0","0"
"12536741112323","10145545","0","0"
"12537461332112","9290998","0","0"
"12543671111111","12018065","0","0"
"12543671211212","6222803","0","0"
"12543671331113","11999038","0","0"
"12543672121121","7177873","0","0"
"12543672321332","5533483","0","0"
"12543672322232","7096798","0","0"
"12543672331232","6376685","0","0"
"12543673111331","6385250","0","0"
"12543673221323","7987364","0","0"
"12543673231223","4774692","0","0"
"12543673233323","10246387","0","0"
"12546371221331","7019301","0","0"
"12563472131213","9137183","0","0"
"12563473131212","9407485","0","0"
"12564733323122","6310412","0","0"
"12567433232333","7460323","0","0"
"12576343212221","6224387","0","0"
"12637451132111","13145247","0","0"
"12637451332112","8089985","0","0"
"12643571321321","5088220","0","0"
"12645371131121","13190802","0","0"
"12673542331133","9017622","0","0"
"12734561112323","10081570","0","0"
"12734561322233","10893379","0","0"
"12734562313223","7153466","0","0"
"12745631111111","29329579","0","0"
"12745632111122","6657422","0","0"
"12745632212213","9499050","0","0"
"12745632222221","5393930","0","0"
"12745632232211","6207407","0","0"
"12745633131131","8061706","0","0"
"12745633313312","5464182","0","0"
"12745633313333","13070948","0","0"
"12745633323311","5237083","0","0"
"12753462231323","7195848","0","0"
"12763452322232","7152264","0","0"
"12765432121313","9006977","0","0"
"12765432222212","13766863","0","0"
"12765433121213","9330991","0","0"
"12765433331333","8529512","0","0"
"13245671321111","10476364","0","0"
"13246571111111","13086600","0","0"
"13246571112233","7617912","0","0"
"13246571113232","11747723","0","0"
"13246572321332","8320851","0","0"
"13246572331232","5497112","0","0"
"13246573221233","5206563","0","0"
"13246573321223","8078878","0","0"
"13246752133211","7534323","0","0"
"13247563212131","6772394","0","0"
"13254761322233","9898187","0","0"
"13254761323322","9024903","0","0"
"13254762321233","7884066","0","0"
"13254763323122","7777668","0","0"
"13257641112233","10545783","0","0"
"13265741112323","14190344","0","0"
"13265742131312","8997174","0","0"
"13267451122211","9637337","0","0"
"13267451311133","6719038","0","0"
"13267541111132","7453683","0","0"
"13267541232212","5772734","0","0"
"13274651112323","10977272","0","0"
"13275461112233","7493223","0","0"
"13275463213211","8089302","0","0"
"13275641112233","11841554","0","0"
"13275641112323","12359459","0","0"
"13275642131333","8275425","0","0"
"13275643212221","7682983","0","0"
"13276451113211","11064795","0","0"
"13276451233133","6602673","0","0"
"13276541133122","9870009","0","0"
"13276541213312","12151353","0","0"
"13276541321123","10202787","0","0"
"13276541322311","9957431","0","0"
"13276541323112","8855473","0","0"
"13276541323322","9265574","0","0"
"13276542323312","6393719","0","0"
"13276543323122","7565581","0","0"
"13462571111111","18391374","0","0"
"13462572213311","7835539","0","0"
"13527461211113","9833672","0","0"
"13542671231231","9162399","0","0"
"13546271213213","6448218","0","0"
"13546271231231","10353384","0","0"
"13546271321321","7197524","0","0"
"13572641122133","21718279","0","0"
"13576241312213","12369947","0","0"
"13576241321321","6253798","0","0"
"13627451332112","7478411","0","0"
"13642571221223","10863758","0","0"
"13642571223221","9273467","0","0"
"13642573221221","8895522","0","0"
"13645271221331","8162144","0","0"
"13647521111111","9765957","0","0"
"13675241112323","11559285","0","0"
"13675242331313","8250543","0","0"
"13725642332132","6246556","0","0"
"13754262123323","12355242","0","0"
"13762451321321","8250754","0","0"
"13764251211311","6517934","0","0"
"13764252323231","5871352","0","0"
"13765422121211","6255481","0","0"
"14263751131121","8188863","0","0"
"14267351321321","7980143","0","0"
"14275633323122","6285719","0","0"
"14325671111111","26299719","0","0"
"14325672112121","7632898","0","0"
"14325672231323","6113713","0","0"
"14325672323222","7448020","0","0"
"14325673123232","5839525","0","0"
"14325673232333","7319607","0","0"
"14325673311131","8363108","0","0"
"14327652131213","8691334","0","0"
"14327653121213","8537088","0","0"
"14352672212111","6163800","0","0"
"14356721112323","7140314","0","0"
"14356721322233","13607563","0","0"
"14367252322232","7102079","0","0"
"14367523311113","11774287","0","0"
"14523672121313","10799562","0","0"
"14523673121312","9127031","0","0"
"14527631121311","15567596","0","0"
"14527631131211","15018109","0","0"
"14527631133311","5902067","0","0"
"14527631211131","9574176","0","0"
"14527631311121","12337173","0","0"
"14527632122213","6897940","0","0"
"14527632212111","6254156","0","0"
"14527632333332","8634948","0","0"
"14527633132322","6540668","0","0"
"14527633312133","5786906","0","0"
"14536273311311","6178844","0","0"
"14537622231323","6708749","0","0"
"14563272323222","5305353","0","0"
"14567231312213","16080322","0","0"
"14567231321123","8903080","0","0"
"14573261333111","10550837","0","0"
"14625731111111","18982240","0","0"
"14625731131121","17038594","0","0"
"14625731322233","9906247","0","0"
"14625732112121","6089983","0","0"
"14625732113321","8171912","0","0"
"14625732213323","7842155","0","0"
"14625732233111","7617878","0","0"
"14625733133111","5364068","0","0"
"14632571111111","16175083","0","0"
"14632571321132","8666514","0","0"
"14652733321331","5842844","0","0"
"14673251111111","18501717","0","0"
"14723651111213","7440007","0","0"
"14723651111312","12257876","0","0"
"14723651112131","12598064","0","0"
"14723651113121","7380270","0","0"
"14723651211212","6230658","0","0"
"14723652322121","6028611","0","0"
"14723652331232","7115205","0","0"
"14723653232222","6584944","0","0"
"14723653313111","5712474","0","0"
"14723653321313","8459803","0","0"
"14725361111111","7955639","0","0"
"14725361111123","8479873","0","0"
"14725361322332","7220193","0","0"
"14725362211121","6744534","0","0"
"14725363211213","10012949","0","0"
"14725363213121","6981751","0","0"
"14725363223213","7264982","0","0"
"14725363311113","9021793","0","0"
"14726531223122","8673705","0","0"
"14726531232122","11279596","0","0"
"14726531233313","8199068","0","0"
"14726531333312","6825064","0","0"
"14726532232313","6522728","0","0"
"14726533323122","5411073","0","0"
"14735621221112","6593068","0","0"
"14735621223113","6334903","0","0"
"14735621223332","11715548","0","0"
"14735621233112","10104590","0","0"
"14735621323112","10893030","0","0"
"14735621332112","6205049","0","0"
"14735621333111","6682624","0","0"
"14735621333222","8925553","0","0"
"14736251111132","7150459","0","0"
"14736251112332","9076342","0","0"
"14736253222223","5725458","0","0"
"14736521132222","8100134","0","0"
"14736521133131","7510704","0","0"
"14736521211212","6400658","0","0"
"14736521213333","7190807","0","0"
"14736521221313","9292615","0","0"
"14736521321231","9811539","0","0"
"14736521322233","7207180","0","0"
"14736521332121","12711550","0","0"
"14736523112222","5125439","0","0"
"14736523113131","4880246","0","0"
"14752363222121","6959657","0","0"
"14752363232222","8732130","0","0"
"14752363233131","7420438","0","0"
"14752631111111","12229539","0","0"
"14752631112311","11125411","0","0"
"14752631323223","10417180","0","0"
"14752632332132","6293181","0","0"
"14752633213223","8361175","0","0"
"14752633222223","8465567","0","0"
"14752633223123","10336917","0","0"
"14752633223231","8524070","0","0"
"14753261221112","8965736","0","0"
"14753261323112","12947984","0","0"
"14753261333111","10256883","0","0"
"14762351221331","7156142","0","0"
"14762351321231","12593839","0","0"
"14762351331221","7918206","0","0"
"14763251221223","11592852","0","0"
"14763251222312","8467696","0","0"
"14763251332331","12622889","0","0"
"14763251333123","6520619","0","0"
"14763252322121","8794055","0","0"
"14763253132232","7125540","0","0"
"14763253133132","7205312","0","0"
"14763253133222","8896353","0","0"
"14763253133231","7517617","0","0"
"14763253221221","9439051","0","0"
"14763253222112","10076782","0","0"
"14763521113211","8682201","0","0"
"14763521113223","7917640","0","0"
"14763523222331","7543435","0","0"
"14765231111213","11311474","0","0"
"14765231111312","8628762","0","0"
"14765231112131","8722919","0","0"
"14765231113121","10430597","0","0"
"14765231133131","8240334","0","0"
"14765232211211","6692673","0","0"
"14765232232322","5474132","0","0"
"14765232331313","7257695","0","0"
"14765233113131","4897410","0","0"
"14765233323332","6634014","0","0"
"15236471111111","15497843","0","0"
"15236473231121","8037489","0","0"
"15243671331221","9142478","0","0"
"15246371331332","11143006","0","0"
"15246371332331","9335242","0","0"
"15246372331331","7710333","0","0"
"15267431223113","5849020","0","0"
"15273641112323","16238914","0","0"
"15324673113311","10622454","0","0"
"15342671211311","8280346","0","0"
"15346271321321","6099060","0","0"
"15367421211113","9563298","0","0"
"15367421223113","7309111","0","0"
"15367423211123","8540242","0","0"
"15426371111111","7011617","0","0"
"15426371112233","8940164","0","0"
"15463271313113","10246875","0","0"
"15624732123212","8672079","0","0"
"15624732133313","8771225","0","0"
"15624732333332","7325828","0","0"
"15627431223113","7908252","0","0"
"15627431322113","11424215","0","0"
"15627431332112","10020757","0","0"
"15634722123332","9629623","0","0"
"15634722321233","7132006","0","0"
"15637423211123","9125463","0","0"
"15642371111111","18908791","0","0"
"15642372213311","7821281","0","0"
"15642372231332","6357616","0","0"
"15642372331322","5755889","0","0"
"15642373212311","7837452","0","0"
"15642373221323","8179957","0","0"
"15642373231223","6068755","0","0"
"15643271221331","9297044","0","0"
"15643271331221","10999512","0","0"
"15643273223111","8728318","0","0"
"15647233213232","5899814","0","0"
"15672341113232","10886439","0","0"
"15672341323112","6564085","0","0"
"15672342323312","7465611","0","0"
"15672343213232","7190908","0","0"
"15672433312133","9248546","0","0"
"15724362212132","6375671","0","0"
"15724631111111","13707797","0","0"
"15724631211311","11859922","0","0"
"15724631322233","11657373","0","0"
"15724632123233","10514061","0","0"
"15724632313223","8621856","0","0"
"15724632323231","7605045","0","0"
"15724632323333","8902880","0","0"
"15724633132322","6596846","0","0"
"15734622331223","7103425","0","0"
"15746321111111","10785515","0","0"
"15746321323211","10075495","0","0"
"15746322313112","7748897","0","0"
"15762342122213","10079443","0","0"
"15763241111111","12747783","0","0"
"15763242323132","6034932","0","0"
"16243571132132","5611145","0","0"
"16243571231231","9664861","0","0"
"16243571321321","6320675","0","0"
"16245371231231","9736368","0","0"
"16254733312223","13835561","0","0"
"16257431132111","11260701","0","0"
"16257433223123","6520329","0","0"
"16273541122133","13105013","0","0"
"16273541321321","7606474","0","0"
"16275341312213","19844234","0","0"
"16275343122221","6078381","0","0"
"16327453232333","6761344","0","0"
"16342571331221","7964496","0","0"
"16345271111111","19963645","0","0"
"16345271133131","7429180","0","0"
"16345271222111","9495797","0","0"
"16345272322232","7161444","0","0"
"16345272333212","5652169","0","0"
"16345273122323","7606051","0","0"
"16345273233323","10724878","0","0"
"16347252131312","9398884","0","0"
"16347253121312","9979456","0","0"
"16357421223113","7901549","0","0"
"16374521112323","11362981","0","0"
"16374523211123","8361816","0","0"
"16423572112121","7095076","0","0"
"16427531211311","12437411","0","0"
"16427531231321","13116931","0","0"
"16427532333233","12526572","0","0"
"16453271111111","13791666","0","0"
"16453271211113","10098256","0","0"
"16453272111131","6813270","0","0"
"16475233132313","8676104","0","0"
"16523473332323","7594569","0","0"
"16523741112212","7151891","0","0"
"16524731112212","12003298","0","0"
"16524731112233","11519396","0","0"
"16524731113133","8267151","0","0"
"16527341111111","7628908","0","0"
"16527431123333","13067796","0","0"
"16527431222132","12214981","0","0"
"16527431312222","13461175","0","0"
"16527431333213","10406968","0","0"
"16527432113333","10187476","0","0"
"16527432211322","8830439","0","0"
"16527432231122","8115664","0","0"
"16527432231332","9399958","0","0"
"16527432331322","8283742","0","0"
"16527432333113","11897817","0","0"
"16527433312133","6728361","0","0"
"16532471111222","9136614","0","0"
"16534271111111","11310844","0","0"
"16534271111132","7030581","0","0"
"16534273211111","7494809","0","0"
"16534723211123","10197223","0","0"
"16537421111222","7297809","0","0"
"16537421113322","8798959","0","0"
"16537421113331","7008309","0","0"
"16537421223113","6043040","0","0"
"16537421233112","10863249","0","0"
"16537421332112","6712731","0","0"
"16542371221331","5546485","0","0"
"16542371331221","7603796","0","0"
"16542372112331","7371742","0","0"
"16543271221223","14736037","0","0"
"16543271223221","9500794","0","0"
"16543271331332","12001111","0","0"
"16543271332331","11196151","0","0"
"16543272331331","8140737","0","0"
"16543273221221","8249040","0","0"
"16543721111111","8407074","0","0"
"16543721113211","7808227","0","0"
"16547233332323","10313986","0","0"
"16547321113331","11199819","0","0"
"16572431111111","9241490","0","0"
"16572433213223","6659462","0","0"
"16573241123123","7105156","0","0"
"16573241312312","6302310","0","0"
"16574231113133","8171806","0","0"
"16723451122133","9854291","0","0"
"16723451322311","8401456","0","0"
"16725431121311","15153433","0","0"
"16725431131211","15502921","0","0"
"16725431211122","6920296","0","0"
"16725431211131","12761279","0","0"
"16725431311121","8508036","0","0"
"16725432211121","7519479","0","0"
"16725432232223","5426626","0","0"
"16725433113311","5769613","0","0"
"16725433122212","5725160","0","0"
"16725433333232","5738640","0","0"
"16735242122213","8057396","0","0"
"16742352232313","9120848","0","0"
"16743252323222","5808435","0","0"
"16745232121313","9175417","0","0"
"16745232122222","8192257","0","0"
"16745233121213","7564474","0","0"
"16745233333313","14694905","0","0"
"16753241221112","10297819","0","0"
"17246351111111","20022629","0","0"
"17265433111313","13013747","0","0"
"17324561211323","10447234","0","0"
"17324561232332","6923707","0","0"
"17326452212111","9467345","0","0"
"17356241212313","8570492","0","0"
"17356242211331","12930700","0","0"
"17362451211311","7772622","0","0"
"17362451231321","7108283","0","0"
"17362452213311","8903495","0","0"
"17364251231231","7187390","0","0"
"17423653213232","6963783","0","0"
"17425631122112","8915431","0","0"
"17425631223113","8078291","0","0"
"17425631313113","8446599","0","0"
"17425631322113","11267160","0","0"
"17425631322332","12222307","0","0"
"17425631323112","8537245","0","0"
"17425631323223","8387632","0","0"
"17425631332112","8528245","0","0"
"17426531112233","10251924","0","0"
"17426531121212","6880023","0","0"
"17426531132312","9445840","0","0"
"17426531213123","10079717","0","0"
"17426531223221","6047599","0","0"
"17426531232233","13807740","0","0"
"17426531313131","8101404","0","0"
"17426531331332","7748833","0","0"
"17426532121211","6128449","0","0"
"17426532331331","6347317","0","0"
"17435622211133","11965915","0","0"
"17435623211123","11731657","0","0"
"17436521323232","8825284","0","0"
"17452363213232","7116463","0","0"
"17452363322132","6256593","0","0"
"17452633213232","5668848","0","0"
"17453262211133","7377677","0","0"
"17462352213311","10472299","0","0"
"17463251122112","9842636","0","0"
"17463251221331","7909582","0","0"
"17463251313113","10201849","0","0"
"17463251321231","8494443","0","0"
"17463251323112","11757045","0","0"
"17463251331221","8319897","0","0"
"17526431131121","8463176","0","0"
"17526431231321","9128115","0","0"
"17526432123233","10731636","0","0"
"17543261111111","23774032","0","0"
"17543261132111","7698872","0","0"
"17642531111111","9456442","0","0"
"17642531112233","11196140","0","0"
"17642533312211","5446869","0","0"
"17643251122112","8436113","0","0"
"21345671111111","11533821","0","0"
"21345762223322","10039081","0","0"
"21345762312323","11114750","0","0"
"21345762313223","9700620","0","0"
"21345763332233","7535179","0","0"
"21346752313322","11688889","0","0"
"21347562312323","15529918","0","0"
"21354671122112","7231224","0","0"
"21354671131313","7577745","0","0"
"21354671221112","4668555","0","0"
"21354672311123","12585593","0","0"
"21354672311132","12961913","0","0"
"21354672313211","27324883","0","0"
"21354673131113","7334414","0","0"
"21354761112233","10931217","0","0"
"21354761112311","7993453","0","0"
"21354761113211","11019550","0","0"
"21354761113322","8317194","0","0"
"21354761122211","8401171","0","0"
"21354761133311","7088554","0","0"
"21354762213311","12640685","0","0"
"21354763312211","9146265","0","0"
"21357462311111","11864639","0","0"
"21357463213331","6104232","0","0"
"21357642221132","7386534","0","0"
"21364752311111","10615102","0","0"
"21364753212212","5324181","0","0"
"21365742221312","6013533","0","0"
"21365742312323","10733843","0","0"
"21367451311331","6828414","0","0"
"21367452112112","7831497","0","0"
"21374653333121","6831259","0","0"
"21375462312233","7393583","0","0"
"21375463333211","9482790","0","0"
"21376541111123","8548463","0","0"
"21376541112311","8661387","0","0"
"21376541122211","8838585","0","0"
"21376541131133","7647158","0","0"
"21457631321123","12654142","0","0"
"21473563331312","8134779","0","0"
"21536742222131","9290889","0","0"
"21654372231323","8370007","0","0"
"21654372233321","7926881","0","0"
"21654373332122","8108319","0","0"
"21654373332221","8441826","0","0"
"21734652123131","5828717","0","0"
"23147562123131","11101829","0","0"
"23147651112323","8092780","0","0"
"23147652312323","6573996","0","0"
"23156471222132","6218718","0","0"
"23156471333132","9121318","0","0"
"23156473323332","6206918","0","0"
"23157461231333","6530272","0","0"
"23157462131123","11774730","0","0"
"23164573213133","5408700","0","0"
"23164752131312","10497340","0","0"
"23164753333313","7468324","0","0"
"23165471111111","7518036","0","0"
"23165471311133","6452693","0","0"
"23165471312132","6164627","0","0"
"23165472111122","7660245","0","0"
"23165472111332","6342181","0","0"
"23165472132332","14422932","0","0"
"23165472311111","8112927","0","0"
"23165473233221","10407351","0","0"
"23165741112323","8610995","0","0"
"23165741231312","7447185","0","0"
"23165742123131","10987628","0","0"
"23165742131321","13420975","0","0"
"23165742131333","16525907","0","0"
"23165742312323","9914593","0","0"
"23165743331312","11748413","0","0"
"23167541233322","6939490","0","0"
"23167542131222","17003186","0","0"
"23174652123131","11428513","0","0"
"23175463211222","5458419","0","0"
"23176452132221","9532557","0","0"
"23176453332233","6671683","0","0"
"23416752121211","10535113","0","0"
"23417563232123","8093683","0","0"
"23456173212332","7986219","0","0"
"23456173233122","9138242","0","0"
"23456713212332","7870703","0","0"
"23475162121112","11759997","0","0"
"23517462131333","12616660","0","0"
"23576412233321","5792276","0","0"
"23576412312323","7482830","0","0"
"23657142121112","9401774","0","0"
"23671452122333","12606358","0","0"
"23674153232321","7924862","0","0"
"23751461132123","8477197","0","0"
"23751463112321","8392333","0","0"
"23756143222331","7235611","0","0"
"23756411222312","8214399","0","0"
"23756413222112","10030627","0","0"
"23756413223312","9816607","0","0"
"23756413322312","8095076","0","0"
"24153672321233","7751495","0","0"
"24157361313212","7673651","0","0"
"24157362323111","11304474","0","0"
"24167353132232","10128961","0","0"
"24173652323231","7287836","0","0"
"24315673311311","13451069","0","0"
"24315761122322","8298700","0","0"
"24315762213323","18250265","0","0"
"24351671212211","9466619","0","0"
"24351673111133","11400723","0","0"
"24351673311311","13077448","0","0"
"24351761111123","24001449","0","0"
"24351761212232","7138135","0","0"
"24367511323112","9630874","0","0"
"24367513111121","7729108","0","0"
"24376512222122","9966084","0","0"
"24516732233111","11192002","0","0"
"24531673123121","10136569","0","0"
"24536713231232","7219843","0","0"
"24537613231322","9005080","0","0"
"24561372111131","11854993","0","0"
"24563711121212","8326796","0","0"
"24563712121232","9874419","0","0"
"24563713121222","10894198","0","0"
"24571362221213","12889609","0","0"
"24571631121212","7343095","0","0"
"24615371112332","8027564","0","0"
"24615372213311","20203618","0","0"
"24615731122313","20412270","0","0"
"24615731132333","27181461","0","0"
"24615732111323","10389770","0","0"
"24615732213311","10891626","0","0"
"24615732233321","12618544","0","0"
"24615733113323","10624879","0","0"
"24615733311122","9981960","0","0"
"24617532233321","15201141","0","0"
"24637512311132","9010742","0","0"
"24651731113223","8967846","0","0"
"24651731333333","9712710","0","0"
"24715363311332","6495661","0","0"
"24715631111111","5956311","0","0"
"24715631122121","7624128","0","0"
"24715631122133","14999659","0","0"
"24715632313223","8433753","0","0"
"24715633112111","5346739","0","0"
"24715633131131","7897298","0","0"
"24716532323231","7800781","0","0"
"24731561111111","25829995","0","0"
"24731562311231","8156270","0","0"
"24736512222332","15720472","0","0"
"24751362221231","15300724","0","0"
"24751362321113","12978510","0","0"
"24761531221223","10986033","0","0"
"24763151111111","6018944","0","0"
"24765313222112","7295706","0","0"
"25134672233321","7048296","0","0"
"25134672312323","8183218","0","0"
"25134672313211","10729381","0","0"
"25137461111111","14332826","0","0"
"25137461211323","6719547","0","0"
"25163741112323","10043756","0","0"
"25314673111313","17579823","0","0"
"25314673111331","16566579","0","0"
"25314673131311","13069693","0","0"
"25341673113311","12439252","0","0"
"25341762313223","12881632","0","0"
"25364172311231","15960691","0","0"
"25364173223231","8161626","0","0"
"25367411211122","7254957","0","0"
"25413672323111","20577513","0","0"
"25413763121222","7067535","0","0"
"25436711311313","7693271","0","0"
"25436712123122","8167038","0","0"
"25436712123332","8602687","0","0"
"25436712132122","9462522","0","0"
"25436712323231","6570932","0","0"
"25436713232321","6427197","0","0"
"25436713332122","6638527","0","0"
"25463713212332","6251023","0","0"
"25471362323132","9025933","0","0"
"25471631312213","13475595","0","0"
"25631741212121","12893997","0","0"
"25634713321232","7193940","0","0"
"25641371213132","7223233","0","0"
"25714632123131","9567140","0","0"
"25714632223331","8486279","0","0"
"25714632313211","28589953","0","0"
"25714633121333","9598839","0","0"
"25716431212223","10075167","0","0"
"25716433223213","6817055","0","0"
"25731642232211","13539915","0","0"
"25734162221111","7347515","0","0"
"25734613113323","8706022","0","0"
"25736141111123","9738292","0","0"
"25736141233232","7366796","0","0"
"25736411133113","6248617","0","0"
"25736411231321","7763071","0","0"
"25736411321312","12132633","0","0"
"25736411331113","7270714","0","0"
"25736413123112","8012111","0","0"
"25741361232113","9390259","0","0"
"25741632222323","8951031","0","0"
"25741632312323","8617986","0","0"
"25743611233232","6531689","0","0"
"25763142223133","10056780","0","0"
"25763411332322","7907097","0","0"
"26135742132221","10967311","0","0"
"26135742213323","10560242","0","0"
"26135742332312","15638900","0","0"
"26153471122121","6547072","0","0"
"26153473131131","7848217","0","0"
"26153473132121","7956561","0","0"
"26154372332213","21127397","0","0"
"26175432331133","11087840","0","0"
"26317451212211","16035256","0","0"
"26345711223113","4993664","0","0"
"26371453112111","8253396","0","0"
"26415731322323","9517378","0","0"
"26415732121223","7491935","0","0"
"26415732233321","8883146","0","0"
"26435712222122","19031121","0","0"
"26435712233321","8993307","0","0"
"26435712311132","11595123","0","0"
"26435712322322","18813570","0","0"
"26435713311122","10155040","0","0"
"26435713333133","8610426","0","0"
"26437512122312","12505423","0","0"
"26453172211133","12867533","0","0"
"26453711333333","6891862","0","0"
"26513471122121","7506230","0","0"
"26517343333313","8705613","0","0"
"26534713333313","9644333","0","0"
"26543171111111","7407868","0","0"
"26543171123111","5537231","0","0"
"26547313131323","7491008","0","0"
"26573413331312","7581750","0","0"
"26714531212133","15271641","0","0"
"26714532121133","7675428","0","0"
"26715433231322","6875553","0","0"
"26741351232113","7719799","0","0"
"26743512121232","10564520","0","0"
"27134561131133","9926676","0","0"
"27154632311132","5937781","0","0"
"27314652313211","22263026","0","0"
"27365412321212","11442624","0","0"
"27415363131113","8671278","0","0"
"27415632323231","10198435","0","0"
"27415633321322","9917873","0","0"
"27416532133232","6942692","0","0"
"27416533321232","8200527","0","0"
"27435612122222","12291051","0","0"
"27453161123111","6685604","0","0"
"27453161132111","6365540","0","0"
"27456133132223","8675337","0","0"
"27516341111111","9817639","0","0"
"27534161111111","12310799","0","0"
"27534161111123","9085842","0","0"
"27534162311111","7692861","0","0"
"27534612311132","9703625","0","0"
"27536412332312","15829515","0","0"
"27543611111123","8514083","0","0"
"27543611111132","6886448","0","0"
"27546312231122","13497623","0","0"
"27613543333133","7400237","0","0"
"27614353311332","7852870","0","0"
"27615431312333","9852114","0","0"
"27615432113321","12109170","0","0"
"27615433313213","6128595","0","0"
"27634511131133","7591494","0","0"
"27634512233321","8307676","0","0"
"27643513311233","12189716","0","0"
"31246753312211","11726407","0","0"
"31247651113232","8208272","0","0"
"31247651323232","7506689","0","0"
"31256471231222","5725115","0","0"
"31257462222221","8726526","0","0"
"31257462312311","12630340","0","0"
"31257643311122","7813972","0","0"
"31264572122213","8469783","0","0"
"31264573132313","5456567","0","0"
"31264573222223","5321503","0","0"
"31264752132122","6617592","0","0"
"31264752313121","16195537","0","0"
"31265471111111","8272224","0","0"
"31265471122112","8718415","0","0"
"31265471122133","9294665","0","0"
"31265471312213","8039254","0","0"
"31265471313113","7758764","0","0"
"31265471321111","6111483","0","0"
"31265472233321","13017465","0","0"
"31265472312233","8492218","0","0"
"31265741233331","7263097","0","0"
"31267542222233","8613646","0","0"
"31267542313133","14408453","0","0"
"31275461112233","8610556","0","0"
"31275461322233","9032927","0","0"
"31275462133211","7964999","0","0"
"31275462223211","8136224","0","0"
"31275462311213","15676541","0","0"
"31275462312212","15780595","0","0"
"31275463311122","12997173","0","0"
"31276452133322","6356343","0","0"
"31276452313313","15162245","0","0"
"31452671323211","9905401","0","0"
"31452671332232","8055975","0","0"
"31452672322331","7120914","0","0"
"31456722111221","8025156","0","0"
"31462751111111","12572789","0","0"
"31462751113322","8858583","0","0"
"31475261322233","9271489","0","0"
"31475262331313","15656376","0","0"
"31475262333221","9331763","0","0"
"31524673332122","13852571","0","0"
"31527643332122","7540001","0","0"
"31564272212111","9517076","0","0"
"31564272213311","9220580","0","0"
"31564273113311","6291215","0","0"
"31572461122133","10679907","0","0"
"31624751112233","8524504","0","0"
"31624753312211","10737678","0","0"
"31627452221333","8908091","0","0"
"31654272313322","10312096","0","0"
"31754621331122","13342013","0","0"
"31765242322121","9941927","0","0"
"32145671111111","17736098","0","0"
"32145671123333","6901722","0","0"
"32145671132222","7047867","0","0"
"32145671221112","6636200","0","0"
"32145671333333","6652273","0","0"
"32145672113333","6266231","0","0"
"32145672212222","5923153","0","0"
"32145673112222","6057967","0","0"
"32145673311113","5926268","0","0"
"32146751232323","9541441","0","0"
"32146752232223","13575893","0","0"
"32147562313223","8456219","0","0"
"32147562333233","15425230","0","0"
"32147651123333","8197947","0","0"
"32147651132222","7669794","0","0"
"32147651213333","8174810","0","0"
"32147651312222","7219820","0","0"
"32147652113333","7237906","0","0"
"32147652231332","9721952","0","0"
"32147652233213","12834806","0","0"
"32147652331322","10387273","0","0"
"32147652332213","13032247","0","0"
"32147653112222","7549386","0","0"
"32156471111111","15074193","0","0"
"32156471113211","12981327","0","0"
"32156471232332","8651628","0","0"
"32156472312332","7884610","0","0"
"32156472332132","11908595","0","0"
"32156472332321","8889758","0","0"
"32156472333332","12857683","0","0"
"32156473223123","5158757","0","0"
"32156741112323","17658826","0","0"
"32156742311123","12554554","0","0"
"32156742313223","14342712","0","0"
"32156742333131","7768849","0","0"
"32157641232323","11174121","0","0"
"32157642231323","9687948","0","0"
"32164571111111","8026161","0","0"
"32164571111231","6498449","0","0"
"32164571232323","9046429","0","0"
"32164572232223","10151858","0","0"
"32164572232313","9847101","0","0"
"32164572233321","10007681","0","0"
"32164572312323","11975457","0","0"
"32164573323212","5860280","0","0"
"32165741111111","9615711","0","0"
"32165741111132","6654491","0","0"
"32165741233223","10588103","0","0"
"32165742211112","8160046","0","0"
"32165742331112","10662819","0","0"
"32165743311131","6708760","0","0"
"32167451111111","16472457","0","0"
"32167451213333","6054896","0","0"
"32167451222222","6625674","0","0"
"32167451312222","5641459","0","0"
"32167451333111","5496718","0","0"
"32167452211121","6075658","0","0"
"32167453222313","5126273","0","0"
"32167453313333","5872613","0","0"
"32167453321232","6007011","0","0"
"32174561112323","14183878","0","0"
"32174561232113","12205355","0","0"
"32174561232233","11482199","0","0"
"32174562231212","8540860","0","0"
"32174652312332","10009644","0","0"
"32174652332132","7871757","0","0"
"32175461111111","16017861","0","0"
"32175461113112","13425286","0","0"
"32175461221112","5803554","0","0"
"32175461333111","5760944","0","0"
"32175462233111","9785759","0","0"
"32175462312323","11144319","0","0"
"32416753121222","11230460","0","0"
"32417562113321","10212139","0","0"
"32417652132131","8384026","0","0"
"32417653132121","7332037","0","0"
"32451762331121","8012077","0","0"
"32456173212332","5440556","0","0"
"32456711233133","11749877","0","0"
"32465172112121","6474413","0","0"
"32465172132131","5799794","0","0"
"32465172133121","8729754","0","0"
"32465172332321","9808453","0","0"
"32465173123121","6279464","0","0"
"32465173132121","9075486","0","0"
"32465173133111","6954084","0","0"
"32465173233221","6776778","0","0"
"32475161232323","7754786","0","0"
"32475163331222","6829716","0","0"
"32476513232231","6190199","0","0"
"32517463131311","12942989","0","0"
"32546713323212","6601159","0","0"
"32547611121113","7791754","0","0"
"32547611131112","7905177","0","0"
"32547611213111","7095440","0","0"
"32547611312111","7276238","0","0"
"32547612111311","8256665","0","0"
"32547613111211","7047739","0","0"
"32561471113133","7533055","0","0"
"32561471121311","8952637","0","0"
"32561471122211","7135444","0","0"
"32561471131211","6850074","0","0"
"32561471211131","10333365","0","0"
"32561471311121","7113742","0","0"
"32561472133313","12712354","0","0"
"32561472213122","8199777","0","0"
"32561473222223","5098500","0","0"
"32561473323212","6787063","0","0"
"32567412122222","6845137","0","0"
"32567412131312","12718377","0","0"
"32567412222212","15066521","0","0"
"32567413131212","12259341","0","0"
"32567413133333","8853638","0","0"
"32576142313223","9270909","0","0"
"32615473332122","6579928","0","0"
"32647152133121","9399652","0","0"
"32647153132121","6775425","0","0"
"32647512333233","11121698","0","0"
"32657143121213","12083922","0","0"
"32657412111212","10611355","0","0"
"32671453123313","12248095","0","0"
"32674152113333","14905542","0","0"
"32714652332132","7781922","0","0"
"32716452123212","11384502","0","0"
"32741651121311","10414179","0","0"
"32741651131211","8363674","0","0"
"32741651211131","9879215","0","0"
"32741651311121","7202436","0","0"
"32741652111113","8112720","0","0"
"32741653111112","9455064","0","0"
"32745611223332","7450539","0","0"
"32745612313322","15123461","0","0"
"32745612322331","7216348","0","0"
"32751643321232","6261615","0","0"
"32754163211123","6666016","0","0"
"32756141233121","9094463","0","0"
"32761452121313","12526895","0","0"
"32761452122222","7364154","0","0"
"32761452222212","6746474","0","0"
"32761453121312","15320901","0","0"
"32761453133333","7126767","0","0"
"32765411112221","6916634","0","0"
"32765411121113","6529558","0","0"
"32765411131112","8598834","0","0"
"32765411133113","6940507","0","0"
"32765411331113","5468888","0","0"
"32765412221312","11819392","0","0"
"32765412323222","9576641","0","0"
"32765413122212","12316216","0","0"
"32765413223312","5659052","0","0"
"32765413231223","6882804","0","0"
"32765413322312","5247317","0","0"
"34125672131213","15475140","0","0"
"34125672131312","17301096","0","0"
"34125672221222","6298358","0","0"
"34125673133333","6516107","0","0"
"34127651121113","6695370","0","0"
"34127651131112","8162388","0","0"
"34127651213111","8754100","0","0"
"34127651312111","6576331","0","0"
"34127652111311","8083114","0","0"
"34127653111211","6674454","0","0"
"34162752132212","13061398","0","0"
"34165271112212","8718351","0","0"
"34165271121311","7518514","0","0"
"34165271131211","10830458","0","0"
"34165271211131","9205027","0","0"
"34165271311121","6959316","0","0"
"34165271311133","7001961","0","0"
"34165272323333","12083934","0","0"
"34165273133312","11962777","0","0"
"34165273222322","4523320","0","0"
"34165273311131","5169732","0","0"
"34167252213323","9045130","0","0"
"34172562132332","17468750","0","0"
"34172562313331","7186376","0","0"
"34175263321232","5624046","0","0"
"34216572213122","11568049","0","0"
"34261572132131","7241685","0","0"
"34261572133121","7533133","0","0"
"34261573123121","5940832","0","0"
"34265712212132","10266289","0","0"
"34275161312213","10247798","0","0"
"34275162112322","13013405","0","0"
"34275162213221","10452287","0","0"
"34516271111111","7272131","0","0"
"34516272312332","8091523","0","0"
"34516722313223","9818642","0","0"
"34517622231323","7737058","0","0"
"34521672223232","9389895","0","0"
"34526713232312","8476426","0","0"
"34527612211322","14068326","0","0"
"34527612231122","13558489","0","0"
"34527612231332","14573922","0","0"
"34527612331322","14384507","0","0"
"34527613312133","7370282","0","0"
"34561272122123","9893171","0","0"
"34561272122321","10749547","0","0"
"34561272212213","16418726","0","0"
"34561272213122","8432669","0","0"
"34561272232211","15721727","0","0"
"34561273221233","8593637","0","0"
"34561273233131","8766092","0","0"
"34561273311233","8138032","0","0"
"34561273313321","8028648","0","0"
"34561273321133","7660954","0","0"
"34561273321223","8749151","0","0"
"34561721111111","8588302","0","0"
"34562171321111","6335796","0","0"
"34562171321231","7762634","0","0"
"34562172232313","8110863","0","0"
"34567212223232","10605146","0","0"
"34617252111212","9685599","0","0"
"34617252123212","11162116","0","0"
"34617252132212","10294988","0","0"
"34617522221333","8284160","0","0"
"34621572132131","6447493","0","0"
"34625172111212","14724178","0","0"
"34627512232313","8580866","0","0"
"34651271123111","14558618","0","0"
"34651272332132","8797794","0","0"
"34675212222122","13717782","0","0"
"34715262221123","8932911","0","0"
"34716522223211","13580775","0","0"
"34721652121313","11149963","0","0"
"34721652131213","9007361","0","0"
"34721652221222","13568953","0","0"
"34721652222212","12220885","0","0"
"34721653333313","6888473","0","0"
"34725611212211","7456381","0","0"
"34725612111113","6874747","0","0"
"34725612121322","19024615","0","0"
"34725612231212","13116520","0","0"
"34725612231332","12456132","0","0"
"34725612322232","5597615","0","0"
"34725612331322","12222057","0","0"
"34725613111112","7730558","0","0"
"34725613111133","10704903","0","0"
"34725613132223","9208771","0","0"
"34725613311113","7931972","0","0"
"34761252323222","5331419","0","0"
"35126741232212","7711081","0","0"
"35126742231233","10953575","0","0"
"35127462331331","13984261","0","0"
"35162472122231","6703814","0","0"
"35162472123233","8589684","0","0"
"35162473122221","7315023","0","0"
"35162473323131","6896924","0","0"
"35162473332122","8790371","0","0"
"35162473332131","9548934","0","0"
"35162742213323","9775655","0","0"
"35167242132212","10003594","0","0"
"35172461232323","8882851","0","0"
"35174262213131","8755205","0","0"
"35174262231113","11991480","0","0"
"35246171111111","9154820","0","0"
"35246171113322","6783387","0","0"
"35246172213311","8830489","0","0"
"35267141223233","10236150","0","0"
"35267141321132","16761965","0","0"
"35271461322233","6755096","0","0"
"35416721113112","8350586","0","0"
"35416723232213","7952600","0","0"
"35417622223133","10511639","0","0"
"35426712131132","11230221","0","0"
"35426712311312","16862288","0","0"
"35426713111313","10441510","0","0"
"35426713131113","8108267","0","0"
"35426713312211","8360180","0","0"
"35461271111231","8982039","0","0"
"35461271321231","6026811","0","0"
"35461272222323","8223889","0","0"
"35462171131313","5890706","0","0"
"35462171212121","6142000","0","0"
"35462171221223","5908363","0","0"
"35462171332331","8451879","0","0"
"35462172213311","8521825","0","0"
"35462172223331","7702182","0","0"
"35462172312131","14038952","0","0"
"35462173123211","7594699","0","0"
"35462173131311","6897026","0","0"
"35462173221221","6343183","0","0"
"35462712322322","9049843","0","0"
"35472163222313","5526608","0","0"
"35472163231322","6429684","0","0"
"35476122221111","8347297","0","0"
"35614722321233","8030240","0","0"
"35617423131332","6469520","0","0"
"35624712121232","12899771","0","0"
"35624712321212","14522310","0","0"
"35624712321332","13570229","0","0"
"35624712331232","12340074","0","0"
"35714623111322","6958050","0","0"
"35721642221213","13334473","0","0"
"35762142222113","8844210","0","0"
"36125471111333","6157596","0","0"
"36125471212112","10717703","0","0"
"36125471213111","9635412","0","0"
"36125471222111","8253236","0","0"
"36125471312111","7680680","0","0"
"36125472111311","10783112","0","0"
"36125472121223","9102247","0","0"
"36125473111211","7114192","0","0"
"36125473232222","10612558","0","0"
"36125473323233","6754121","0","0"
"36125743222331","11981246","0","0"
"36127451333222","7946993","0","0"
"36145272122222","8810514","0","0"
"36145272131213","16786701","0","0"
"36145272131312","12541049","0","0"
"36145273333313","8643975","0","0"
"36147251121311","6563504","0","0"
"36147251131211","11016370","0","0"
"36147251211131","8155712","0","0"
"36147251311121","8559862","0","0"
"36147252111113","9676483","0","0"
"36147253111112","7028692","0","0"
"36152741231312","9116330","0","0"
"36152742131321","11284701","0","0"
"36172452133133","13540734","0","0"
"36217452131333","10084972","0","0"
"36217541223311","5860916","0","0"
"36217543213112","7462722","0","0"
"36241573212332","7190404","0","0"
"36241753212311","8386567","0","0"
"36415272123212","8515687","0","0"
"36417522123311","9632314","0","0"
"36514272212111","12713818","0","0"
"36521472113321","8975767","0","0"
"36521472331121","11973013","0","0"
"36527411131133","5405549","0","0"
"36527412111113","6004546","0","0"
"36527412131222","12340007","0","0"
"36527412211322","13284015","0","0"
"36527412221312","18722066","0","0"
"36527412231122","11798602","0","0"
"36527412322232","6231161","0","0"
"36527413111112","8358793","0","0"
"36527413311311","4904721","0","0"
"36541272323222","5677972","0","0"
"36542712121322","8776627","0","0"
"36547212121313","12265586","0","0"
"36547212122222","17111028","0","0"
"36547212131312","9337596","0","0"
"36547212221222","11688667","0","0"
"36547213331333","7261411","0","0"
"36712542121112","9523921","0","0"
"36712542121121","10788592","0","0"
"36712542121211","10680199","0","0"
"36712542122111","7751011","0","0"
"36714252232223","6350937","0","0"
"36714521232113","9236462","0","0"
"36714522121322","12687705","0","0"
"36714522122213","9315856","0","0"
"36714523132223","7330190","0","0"
"36714523132322","5997420","0","0"
"36721451131331","7029962","0","0"
"36721452121322","7346653","0","0"
"36721452122123","6134879","0","0"
"36721452122213","9311896","0","0"
"36721452122321","6378622","0","0"
"36721452131111","10835816","0","0"
"36721452223232","9958899","0","0"
"36721453113113","6951426","0","0"
"36721453121111","9727808","0","0"
"36725411121212","9077925","0","0"
"36725411131313","6053689","0","0"
"36725411212121","7372082","0","0"
"36725411313131","9383765","0","0"
"36725412111212","22515426","0","0"
"36725412121112","22038394","0","0"
"36725412121211","6711839","0","0"
"36725412121232","13903107","0","0"
"36725412123212","9719581","0","0"
"36725412321212","22850260","0","0"
"36725413111313","12577480","0","0"
"36725413131113","11070125","0","0"
"36725413131311","7052525","0","0"
"36741252122123","9261775","0","0"
"36741252122321","13508330","0","0"
"36741252122333","9131430","0","0"
"36741252123323","10041900","0","0"
"36741253233131","9329131","0","0"
"36745211211221","5555882","0","0"
"36745212121223","6852369","0","0"
"36745212122312","7891158","0","0"
"36745212122333","7271907","0","0"
"36745212123323","6892589","0","0"
"36745212131111","9418322","0","0"
"36745212223232","12022880","0","0"
"36745213121111","8412286","0","0"
"36745213131131","6182711","0","0"
"36745213133111","6662040","0","0"
"36745213232213","6370877","0","0"
"36751243222322","6519372","0","0"
"36752142122132","10077602","0","0"
"36752142123221","7315191","0","0"
"36752143132232","7601882","0","0"
"36752143133222","6136942","0","0"
"36752143211132","8352115","0","0"
"36754123232222","10135777","0","0"
"37246511112233","7546706","0","0"
"37256142321233","9988886","0","0"
"37415622333221","10706766","0","0"
"37426513132313","7234372","0","0"
"37452162323312","7822027","0","0"
"37516422333311","14502658","0","0"
"37561241311112","7487466","0","0"
"37612453122233","6822598","0","0"
"37612542221111","10927452","0","0"
"37614252221123","7270787","0","0"
"37614521111111","6965859","0","0"
"37614521323232","7195714","0","0"
"37614522111221","6824827","0","0"
"37614522113321","10559495","0","0"
"37614522313322","7094934","0","0"
"37614522323312","6022058","0","0"
"37614523232213","7362353","0","0"
"37615421113322","8604039","0","0"
"37615422211133","12403381","0","0"
"37615422223133","10582564","0","0"
"37615422313121","10015369","0","0"
"37615422313331","9270172","0","0"
"37615423121132","6973565","0","0"
"37624152311213","9832002","0","0"
"37624511232233","8981363","0","0"
"37624512121322","15734982","0","0"
"37624512231212","11302431","0","0"
"37624513131323","8300826","0","0"
"37624513231313","8150459","0","0"
"37641252222323","12330575","0","0"
"37642152213311","12558802","0","0"
"37642513122221","6895935","0","0"
"37645122312221","5686782","0","0"
"37651242211133","14054927","0","0"
"37651422312311","10389408","0","0"
"37652141113232","8329536","0","0"
"37652143231322","6421916","0","0"
"37654212311222","11057482","0","0"
"41236753232321","9182884","0","0"
"41237561313131","9954613","0","0"
"41263751312222","11171673","0","0"
"41325671212211","8774650","0","0"
"41325762313223","16853887","0","0"
"41325763131233","7462535","0","0"
"41352671212112","10183001","0","0"
"41352671212121","10282930","0","0"
"41352671222111","7689211","0","0"
"41357622313112","15613751","0","0"
"41367253111133","9902490","0","0"
"41532672313211","17085751","0","0"
"41532761233133","9035622","0","0"
"41563273113311","8676879","0","0"
"41576322212222","7939878","0","0"
"41625372313211","25118009","0","0"
"41625373121213","12394656","0","0"
"41625731222231","5809214","0","0"
"41635721212121","11579128","0","0"
"41657321222312","7969956","0","0"
"41673252212222","8312910","0","0"
"41673521111111","7085503","0","0"
"41723562313211","18351354","0","0"
"41725361232113","10123703","0","0"
"41725361321213","9087317","0","0"
"41725362221213","8391254","0","0"
"41725362313211","11530510","0","0"
"41725362313223","15471521","0","0"
"41725363121222","8173626","0","0"
"41725363121231","9550549","0","0"
"41725631111111","7747330","0","0"
"41725631211122","7305435","0","0"
"41725632322331","5542934","0","0"
"41725633111133","10110619","0","0"
"41725633121123","10310274","0","0"
"41725633211111","6951339","0","0"
"41726352313322","11790194","0","0"
"41726532312233","8289076","0","0"
"41735261323313","11063596","0","0"
"41735262312233","12154501","0","0"
"41735263123223","5940944","0","0"
"41735621233232","6301740","0","0"
"41735622313322","16683725","0","0"
"41736521233232","8954487","0","0"
"41736522332231","7788110","0","0"
"41752631222123","11761292","0","0"
"41752632311123","9878426","0","0"
"41752632312323","8441004","0","0"
"41752632313211","33652854","0","0"
"41756231321213","11373797","0","0"
"41756233121231","7652578","0","0"
"41762532221333","7704371","0","0"
"41762533123331","7017793","0","0"
"41765231233232","7253324","0","0"
"41765322221312","8147916","0","0"
"41765322313211","14304361","0","0"
"41765323122212","9888559","0","0"
"42136752131312","8569545","0","0"
"42137561123333","8954110","0","0"
"42137653122131","9015679","0","0"
"42137653132121","7587799","0","0"
"42157633231322","8537604","0","0"
"42163751121212","10440432","0","0"
"42165373223123","4769372","0","0"
"42167532131333","10626194","0","0"
"42315673112111","8883059","0","0"
"42351671212211","7454289","0","0"
"42351763231133","11040424","0","0"
"42367153111121","6938023","0","0"
"42367153211123","7977354","0","0"
"42516372233111","10185806","0","0"
"42561733323122","6538082","0","0"
"42573612323231","6250671","0","0"
"42573613322231","7837801","0","0"
"42613572313211","9942120","0","0"
"42615371313332","10531242","0","0"
"42615372213311","11677052","0","0"
"42615372221213","12139534","0","0"
"42615372313211","9354649","0","0"
"42651372213311","7579046","0","0"
"42651733311122","8065628","0","0"
"42673512232133","9077231","0","0"
"42751632321233","11116095","0","0"
"42751632323231","7988584","0","0"
"43126572133313","8470060","0","0"
"43167251232212","7866615","0","0"
"43176252123131","11016725","0","0"
"43176252311132","8341890","0","0"
"43216573132121","7282811","0","0"
"43216573132223","7695211","0","0"
"43216573212311","7810124","0","0"
"43216573212332","11474417","0","0"
"43512671313332","9520938","0","0"
"43527612312323","7810679","0","0"
"43561271111111","8023904","0","0"
"43571262122222","6354554","0","0"
"43572161111111","9995071","0","0"
"43572612312323","10759936","0","0"
"43576211123222","10018287","0","0"
"43576212112232","8237513","0","0"
"43615271333312","8427826","0","0"
"43615272113321","8373344","0","0"
"43617521223221","9705749","0","0"
"43621752213323","8890987","0","0"
"43651722323132","7080408","0","0"
"43675122222122","10647608","0","0"
"43675211221331","6008237","0","0"
"43721653231313","7731345","0","0"
"43751623123313","10169649","0","0"
"43765212222122","12550793","0","0"
"45167323322231","6739035","0","0"
"45176231131313","18687314","0","0"
"45176231133113","19181081","0","0"
"45176231331113","18238474","0","0"
"45176233131113","21910842","0","0"
"45176321131133","12336423","0","0"
"45213672221123","12481561","0","0"
"45273162222122","6967457","0","0"
"45276131131133","10058245","0","0"
"45312671222312","6757756","0","0"
"45312672223331","10247638","0","0"
"45312672233321","8915575","0","0"
"45312672313211","22892532","0","0"
"45312673132313","11427485","0","0"
"45312673222112","6835787","0","0"
"45312673231313","8956264","0","0"
"45312761113211","10108645","0","0"
"45312761133311","6321091","0","0"
"45312762221111","8917758","0","0"
"45312762311111","11012010","0","0"
"45321671212211","9303549","0","0"
"45321671221121","7161968","0","0"
"45321673113311","14286100","0","0"
"45327612222323","7905666","0","0"
"45362712122222","11566466","0","0"
"45367122223133","12429136","0","0"
"45367211111132","11789442","0","0"
"45367211211122","10559449","0","0"
"45367213111133","8602515","0","0"
"45376121131133","11170248","0","0"
"45376121331311","10435726","0","0"
"45376211333123","7012591","0","0"
"45376213131323","9563537","0","0"
"45376213333322","8262183","0","0"
"45612371133221","7985692","0","0"
"45612372331121","10606670","0","0"
"45612373112231","9509414","0","0"
"45612373132121","8065088","0","0"
"45612373132223","7328030","0","0"
"45612373322111","6951550","0","0"
"45612373332122","8431650","0","0"
"45612373332221","7153138","0","0"
"45613271331221","6113900","0","0"
"45613272233111","9078798","0","0"
"45621373123331","7453201","0","0"
"45621373211111","13400847","0","0"
"45621732212123","7143393","0","0"
"45621732233333","17060494","0","0"
"45623712332123","10182711","0","0"
"45623713322321","5262743","0","0"
"45637123132121","6962371","0","0"
"45637123332122","5956792","0","0"
"45671231132231","5386488","0","0"
"45671233112132","8940853","0","0"
"45673212212132","6401381","0","0"
"45673213211222","10516862","0","0"
"45713623223132","7236929","0","0"
"45721363321313","7955284","0","0"
"45721363322231","6797681","0","0"
"45732612233321","6212094","0","0"
"45736121122211","9291543","0","0"
"46123571111111","7445536","0","0"
"46123573232123","12797831","0","0"
"46125731333123","8698123","0","0"
"46127351131313","7384347","0","0"
"46127352131333","12966164","0","0"
"46127353131323","11437528","0","0"
"46135272133313","12441150","0","0"
"46153273131131","9390865","0","0"
"46157233333232","7503367","0","0"
"46157321331233","7482785","0","0"
"46215372121223","8231468","0","0"
"46215372313211","13630620","0","0"
"46257132211133","10605132","0","0"
"46257313312211","18609651","0","0"
"46273512122312","9312599","0","0"
"46273513221212","7686724","0","0"
"46275311123222","10099305","0","0"
"46275312112232","8614711","0","0"
"46275312132212","7883576","0","0"
"46275312232133","11696694","0","0"
"46275312313211","9775935","0","0"
"46275313121222","9741796","0","0"
"46275313312211","12543574","0","0"
"46321752111131","12115954","0","0"
"46352171211233","8258791","0","0"
"46352172113231","7542555","0","0"
"46372511221331","7567540","0","0"
"46375211211332","10424464","0","0"
"46375212113111","12839598","0","0"
"46375212132131","5258047","0","0"
"46375212132221","6644026","0","0"
"46375212332222","10327585","0","0"
"46375213112111","14339993","0","0"
"46375213123121","6751793","0","0"
"46375213333121","6668811","0","0"
"46512371331221","6521326","0","0"
"46512372113321","9449971","0","0"
"46513272332111","6820572","0","0"
"46513273113221","6399101","0","0"
"46523711331332","9974924","0","0"
"46527133111121","7292077","0","0"
"46572311223122","12203854","0","0"
"46572312132122","11003929","0","0"
"46721533123313","8510357","0","0"
"47123562232133","12247461","0","0"
"47123651233232","8735773","0","0"
"47126351233232","9601083","0","0"
"47126532133133","17666824","0","0"
"47132562311111","8675496","0","0"
"47132563222331","9045244","0","0"
"47132652233321","10205287","0","0"
"47135622132332","7373682","0","0"
"47136252133112","14520119","0","0"
"47152361233232","8474820","0","0"
"47152631322131","7356457","0","0"
"47156231332313","14062955","0","0"
"47156233211132","8660553","0","0"
"47156233223312","8056141","0","0"
"47156233233113","12740935","0","0"
"47156233322312","8038534","0","0"
"47156321111111","6958995","0","0"
"47156321133311","10783566","0","0"
"47156322132311","8681386","0","0"
"47156322313232","5323518","0","0"
"47156322332132","5607392","0","0"
"47156322332312","14136767","0","0"
"47156323223123","6610303","0","0"
"47162351322122","7800168","0","0"
"47163522131222","8023671","0","0"
"47165321232113","7637697","0","0"
"47165321322131","12937112","0","0"
"47165322132212","19378337","0","0"
"47165322133112","21251894","0","0"
"47165322232133","10166069","0","0"
"47165322313211","7889512","0","0"
"47216352131333","11603554","0","0"
"47251363131113","7983251","0","0"
"47251632131312","10109433","0","0"
"47256133212311","6927183","0","0"
"47256133321232","6613674","0","0"
"47265312122222","14972233","0","0"
"47265312131312","6858728","0","0"
"47265312313211","21341397","0","0"
"47321651311133","9188311","0","0"
"47352612123131","6827597","0","0"
"47352612311132","6529342","0","0"
"47352612313211","15338110","0","0"
"47512632312323","7209786","0","0"
"47621532232331","5400663","0","0"
"47621533231121","9219599","0","0"
"47632152233321","6692064","0","0"
"47632153212311","7262602","0","0"
"47632153232321","9791069","0","0"
"47632513212332","12489213","0","0"
"47652132231323","9317902","0","0"
"47653213211231","9842146","0","0"
"47653213232111","8013241","0","0"
"51264731113322","5613956","0","0"
"51264732213311","7400571","0","0"
"51267342312233","11023272","0","0"
"51324671211122","7050756","0","0"
"51324672212111","8820105","0","0"
"51324673113311","9539030","0","0"
"51324761111123","8538255","0","0"
"51324763113332","6708874","0","0"
"51342672212111","10159333","0","0"
"51342763312223","37478756","0","0"
"51367241211113","7469347","0","0"
"51423671221331","8129719","0","0"
"51426731111111","10620124","0","0"
"51426733312211","7313370","0","0"
"51472361131313","8516451","0","0"
"51472633331312","9734291","0","0"
"51623471321111","6566687","0","0"
"51623743313321","9051480","0","0"
"51624731312123","9367036","0","0"
"51624733323113","15407240","0","0"
"51632741323232","7341944","0","0"
"51642371122313","10065920","0","0"
"51642731113322","11255120","0","0"
"51647231113232","6868312","0","0"
"51723643131311","8657397","0","0"
"51724362122222","6243325","0","0"
"51724363121213","8941726","0","0"
"51726433123313","8404866","0","0"
"51732643121213","9096679","0","0"
"51742632323231","6889480","0","0"
"51742632323333","8195286","0","0"
"52134761232113","9117333","0","0"
"52147631121311","8555652","0","0"
"52147631131211","8835022","0","0"
"52147631211131","7547107","0","0"
"52147631311121","9049971","0","0"
"52147632111113","8530316","0","0"
"52147633111112","9181413","0","0"
"52163471112122","6340059","0","0"
"52163471213111","7415940","0","0"
"52163471312111","11444890","0","0"
"52163471333123","7074997","0","0"
"52163472111311","7224784","0","0"
"52163472131222","7321322","0","0"
"52163473111211","9578519","0","0"
"52163473111331","6846913","0","0"
"52163473221323","7259112","0","0"
"52163473323332","9926272","0","0"
"52167342121232","6635081","0","0"
"52167432121313","10895023","0","0"
"52167432122222","9628268","0","0"
"52167432131213","8386817","0","0"
"52167433133333","13891282","0","0"
"52167433331333","13460878","0","0"
"52174633223123","7748924","0","0"
"52314673311311","13152518","0","0"
"52314761322122","6683688","0","0"
"52341671111111","23372482","0","0"
"52341671122211","6789460","0","0"
"52341671311313","6355143","0","0"
"52341672211112","9875509","0","0"
"52341672232313","8123802","0","0"
"52341672323222","9173632","0","0"
"52341672323312","7386899","0","0"
"52341673133111","8125302","0","0"
"52341673232213","5520964","0","0"
"52341673232333","7335768","0","0"
"52341673323212","11694301","0","0"
"52361472121313","11585982","0","0"
"52361472131312","8269785","0","0"
"52367142211121","10633381","0","0"
"52367412322232","9225441","0","0"
"52374161112323","8062501","0","0"
"52376413222223","6229296","0","0"
"52463173212332","11931712","0","0"
"52463713212332","12447095","0","0"
"52471631223113","9442227","0","0"
"52471631323112","7114661","0","0"
"52614372313211","13337282","0","0"
"52641733212311","7044358","0","0"
"52641733232321","7288316","0","0"
"52673413232123","6276877","0","0"
"52713461232323","6021937","0","0"
"52714361232113","12236717","0","0"
"52714633213223","8646253","0","0"
"52714633223123","7205996","0","0"
"52731641233112","6548053","0","0"
"52731641323112","5564289","0","0"
"52736141322233","9154837","0","0"
"52741362313211","9884126","0","0"
"52741362313223","8916165","0","0"
"52741632122333","15246876","0","0"
"52741632123323","12568620","0","0"
"52741632212213","8838850","0","0"
"52741632212231","7623759","0","0"
"52741632232211","7075949","0","0"
"52741633221233","8979701","0","0"
"52741633313312","6980387","0","0"
"52741633313321","7671161","0","0"
"52741633321223","13905793","0","0"
"52741633323311","7619032","0","0"
"52743611111213","8852224","0","0"
"52743611111312","8664637","0","0"
"52743611112131","9004658","0","0"
"52743611113121","9007866","0","0"
"52743612131111","11741433","0","0"
"52743613121111","12803985","0","0"
"52761431111213","6421638","0","0"
"52761431111312","8876104","0","0"
"52761431112131","8251258","0","0"
"52761431113121","8773234","0","0"
"52761432131111","12106130","0","0"
"52761433121111","11811525","0","0"
"52763143222331","10765076","0","0"
"52763411222312","15777864","0","0"
"52763411333123","9148213","0","0"
"52763413222112","12783033","0","0"
"52763413223312","15888172","0","0"
"52763413322312","13072887","0","0"
"53126471231231","9776631","0","0"
"53126471231321","6784453","0","0"
"53126471321321","8823479","0","0"
"53146272123233","11609299","0","0"
"53147262123131","8628702","0","0"
"53162743312223","21876987","0","0"
"53274163211222","11338998","0","0"
"53421671321111","13670177","0","0"
"53421671321231","6492729","0","0"
"53426171112233","10172421","0","0"
"53462711113322","10599176","0","0"
"53467211321111","7046308","0","0"
"53476121323112","7882153","0","0"
"53476121323322","9179611","0","0"
"53614721212121","8741696","0","0"
"53621471331221","5689897","0","0"
"53642171111111","9590339","0","0"
"53672142221213","17435912","0","0"
"53714622233111","10016853","0","0"
"53721463223312","10168780","0","0"
"53724612121112","12190335","0","0"
"53726143333121","5662038","0","0"
"53741621323112","8026151","0","0"
"53741621332112","7644793","0","0"
"53742612323333","6115852","0","0"
"53761242121211","10204154","0","0"
"53761242221213","10532531","0","0"
"53761242321212","7256325","0","0"
"53762143222331","6264107","0","0"
"53762413322123","7457688","0","0"
"54123673233323","7289368","0","0"
"54126371331221","6651423","0","0"
"54127632131213","12529659","0","0"
"54127632222212","7995698","0","0"
"54127633131212","12219284","0","0"
"54127633133333","17296325","0","0"
"54127633333313","12386046","0","0"
"54163271133221","9405594","0","0"
"54163272233111","10724698","0","0"
"54167231121113","5859621","0","0"
"54167231131112","8271757","0","0"
"54167231221211","5637926","0","0"
"54167231333213","11263243","0","0"
"54167232112112","5618618","0","0"
"54167232133313","20486382","0","0"
"54167232333113","11240029","0","0"
"54167233232333","7040987","0","0"
"54167233331213","11396137","0","0"
"54172633132313","15615207","0","0"
"54217362233213","13247634","0","0"
"54217632132212","13423638","0","0"
"54231671123111","6950113","0","0"
"54231673123121","5984880","0","0"
"54261373123121","7358173","0","0"
"54261732231233","8553294","0","0"
"54276132233312","7387098","0","0"
"54312671131331","5525095","0","0"
"54312672212111","6952873","0","0"
"54312673311311","11285284","0","0"
"54317261113112","7647710","0","0"
"54317621111222","9884052","0","0"
"54321672212213","12807976","0","0"
"54321672212231","11828296","0","0"
"54321672232211","8720739","0","0"
"54321673313312","15414628","0","0"
"54321673313321","15631629","0","0"
"54321673323311","12815823","0","0"
"54321761211221","9049610","0","0"
"54321763113113","10422339","0","0"
"54326171111231","11653226","0","0"
"54326171112233","6079164","0","0"
"54326171321231","7004633","0","0"
"54326711112212","7948822","0","0"
"54327612223232","8039074","0","0"
"54361272223232","7605966","0","0"
"54362171113133","8157035","0","0"
"54362711111231","8668009","0","0"
"54362711323112","7847060","0","0"
"54367121112212","9691652","0","0"
"54367121113211","8663538","0","0"
"54367121113331","8735802","0","0"
"54367122211121","7670917","0","0"
"54367122311111","9171409","0","0"
"54367123311113","8161366","0","0"
"54367211132222","12282084","0","0"
"54367211213333","12539254","0","0"
"54367211222132","7038442","0","0"
"54367211333213","8457281","0","0"
"54367212211322","14460725","0","0"
"54367212231122","10834420","0","0"
"54367212233213","10056655","0","0"
"54367212332213","8162093","0","0"
"54367212333113","8322698","0","0"
"54367213112222","12609462","0","0"
"54367213312133","11530717","0","0"
"54371261113331","6760994","0","0"
"54371621113112","20228885","0","0"
"54371621113322","6278225","0","0"
"54376121322233","8658699","0","0"
"54376211111132","9866853","0","0"
"54376211111222","8458867","0","0"
"54376211113133","11422457","0","0"
"54612371112311","13166719","0","0"
"54612372222131","5414375","0","0"
"54612732112223","11912778","0","0"
"54612733322213","12016145","0","0"
"54621371133311","7724355","0","0"
"54621372211121","7179791","0","0"
"54637211132111","8115430","0","0"
"54671232221213","13415081","0","0"
"54712361323313","10432357","0","0"
"54712362223322","8351277","0","0"
"54716232222113","7388118","0","0"
"54716321112323","12640613","0","0"
"54716322313223","8283301","0","0"
"54721631111111","34541981","0","0"
"54721631122121","7324441","0","0"
"54721631311133","8815626","0","0"
"54721632133232","6657142","0","0"
"54721632212222","12428230","0","0"
"54721632212231","5639075","0","0"
"54721633231322","5932772","0","0"
"54721633313321","6162283","0","0"
"54721633333331","5523051","0","0"
"54723612131312","15291685","0","0"
"54723612221222","8063346","0","0"
"54723612222212","10286720","0","0"
"54723613121312","14580474","0","0"
"54723613333313","9235905","0","0"
"54761233322321","7585220","0","0"
"54763212322232","8944481","0","0"
"56123471222312","7849887","0","0"
"56123471223221","8955630","0","0"
"56123471331332","14447455","0","0"
"56123471333123","9226921","0","0"
"56123472322121","9336389","0","0"
"56123472331331","11964560","0","0"
"56123473133132","10358679","0","0"
"56123473133231","11612328","0","0"
"56123473222112","8312430","0","0"
"56123473223312","6915176","0","0"
"56123473322312","7636938","0","0"
"56124371111231","7755950","0","0"
"56124371232323","8756256","0","0"
"56127433332323","10424652","0","0"
"56132472333332","7019175","0","0"
"56132473211111","8830875","0","0"
"56132473213211","6832071","0","0"
"56143273332323","12200490","0","0"
"56147231222132","13017541","0","0"
"56147231333213","12350551","0","0"
"56147232233213","12853339","0","0"
"56147232332213","15130268","0","0"
"56147232333113","13205002","0","0"
"56147322333233","8539615","0","0"
"56173421113112","9379597","0","0"
"56174232323333","8281842","0","0"
"56174321232113","10459468","0","0"
"56213471111111","8595352","0","0"
"56213743313333","12870614","0","0"
"56243173133111","8056934","0","0"
"56243713121333","8663092","0","0"
"56247132333233","6394781","0","0"
"56271433111313","13157052","0","0"
"56271433123313","9352268","0","0"
"56271433132313","14719317","0","0"
"56274132331133","5790432","0","0"
"56274312313211","11488868","0","0"
"56321473233323","6577861","0","0"
"56321742211112","13284875","0","0"
"56324171221331","8014446","0","0"
"56327411211332","8512585","0","0"
"56327413213112","8018830","0","0"
"56341273121213","12650480","0","0"
"56341273131212","10527248","0","0"
"56347122333233","7693854","0","0"
"56347211213111","8798118","0","0"
"56347211222132","6207443","0","0"
"56347211312111","11242606","0","0"
"56347211331131","5717153","0","0"
"56347212111221","9812648","0","0"
"56347212111311","17129489","0","0"
"56347212123233","6568440","0","0"
"56347212232223","6468726","0","0"
"56347213111211","16083492","0","0"
"56347213131332","5949337","0","0"
"56423171231231","5945374","0","0"
"56423171231321","9662462","0","0"
"56423171321321","6324743","0","0"
"56423172112121","7816687","0","0"
"56423173132121","8804382","0","0"
"56423173133111","5822096","0","0"
"56432713122122","7912070","0","0"
"56712341232113","5523465","0","0"
"56712343211123","9399910","0","0"
"56721343123331","7663019","0","0"
"56721432312233","9671000","0","0"
"56723411113313","7947861","0","0"
"56723411121113","6505476","0","0"
"56723411131112","9962922","0","0"
"56723411222312","5539203","0","0"
"56723412122312","5163284","0","0"
"56723412323222","7956910","0","0"
"56723413221212","9676712","0","0"
"56723413222112","8189210","0","0"
"56723413331111","7049998","0","0"
"56732143122113","7450044","0","0"
"56741231121311","6628582","0","0"
"56741231131211","10720636","0","0"
"56741231211131","10719708","0","0"
"56741231311121","8648816","0","0"
"56741232111113","9066707","0","0"
"56741233111112","7451180","0","0"
"56743212122222","11715242","0","0"
"56743212221222","15460693","0","0"
"56743213121213","11325969","0","0"
"56743213121312","8973753","0","0"
"56743213331333","14656960","0","0"
"57123461111111","15358609","0","0"
"57164322131312","8171728","0","0"
"57214361323232","7503228","0","0"
"57214632212213","11520716","0","0"
"57236141113232","7918425","0","0"
"57236141322233","7788441","0","0"
"57236141323232","13007507","0","0"
"57241631322113","5918431","0","0"
"57241631323112","5816315","0","0"
"57246131112233","11573157","0","0"
"57264132111323","9333772","0","0"
"57321641311112","10701989","0","0"
"57321642311132","10858841","0","0"
"57364212213311","15178156","0","0"
"57364212313211","13792743","0","0"
"57364213332122","8854807","0","0"
"57642311113322","8635955","0","0"
"61234572231323","8844155","0","0"
"61234573232213","5756335","0","0"
"61235741313131","12974378","0","0"
"61257343232123","10279185","0","0"
"61274351313131","9999586","0","0"
"61274532231323","9206419","0","0"
"61352472233321","6014262","0","0"
"61352472313211","31610486","0","0"
"61452731311313","7200851","0","0"
"61453721111111","6783224","0","0"
"61453721311112","8231495","0","0"
"61453723111121","6273622","0","0"
"61472532123332","6090372","0","0"
"61472533112111","6227338","0","0"
"61527431111111","8841154","0","0"
"61534272311132","10633668","0","0"
"61534721112311","7005405","0","0"
"61534721113211","6081204","0","0"
"61543271111111","9832147","0","0"
"61543271112311","8193020","0","0"
"61572432312323","9437051","0","0"
"61734523222331","12175768","0","0"
"62134572321323","7345133","0","0"
"62135471122121","9015294","0","0"
"62135472132131","7911191","0","0"
"62135473122131","6141672","0","0"
"62135473123121","10444053","0","0"
"62135473131131","9448155","0","0"
"62135473132121","7325534","0","0"
"62135473232231","6806275","0","0"
"62135473322321","7558018","0","0"
"62135743222331","5834435","0","0"
"62135743312223","14147005","0","0"
"62147353123121","7467565","0","0"
"62147353132121","6442441","0","0"
"62154733321121","5564238","0","0"
"62157342132212","8706948","0","0"
"62173543232132","7886210","0","0"
"62174351122133","8975566","0","0"
"62174533311212","6907171","0","0"
"62317453112111","9806619","0","0"
"62317453312211","9986374","0","0"
"62351743112123","15564121","0","0"
"62371453311311","6696097","0","0"
"62374511322311","5437396","0","0"
"62374513112321","10234296","0","0"
"62374513312112","7854733","0","0"
"62435172211133","11840273","0","0"
"62435172311132","12987455","0","0"
"62435711222222","6297474","0","0"
"62453713311122","14943029","0","0"
"62471532232133","9621637","0","0"
"62475131322323","5960135","0","0"
"62531472321233","8619320","0","0"
"62543711211113","7065704","0","0"
"62543711311112","8025687","0","0"
"62571432321233","10851313","0","0"
"62735143223213","6436420","0","0"
"63125741112323","14070340","0","0"
"63125743131233","6489045","0","0"
"63125743133312","8036692","0","0"
"63142571111111","8763784","0","0"
"63142571132321","14321444","0","0"
"63142573112123","15895723","0","0"
"63172452312323","6769024","0","0"
"63172452313211","20999918","0","0"
"63174522332132","6603482","0","0"
"63247511123132","8768093","0","0"
"63251743133231","9777936","0","0"
"63452711311313","7871947","0","0"
"63452712333221","6711340","0","0"
"63471522123131","7322459","0","0"
"63471522323132","10202589","0","0"
"63471522332132","7003835","0","0"
"63472512123332","7076136","0","0"
"63512743313333","16142173","0","0"
"63541271212211","10320439","0","0"
"63542713121333","11505870","0","0"
"63574212123131","7580674","0","0"
"63574212313211","10173571","0","0"
"63712542221111","7275559","0","0"
"63714252123131","10016697","0","0"
"63714521112323","8754697","0","0"
"63714522332132","5631266","0","0"
"63721541233322","7904432","0","0"
"63724153121213","9507776","0","0"
"63725141112323","13174364","0","0"
"63725141233121","8532282","0","0"
"63725142123131","13978926","0","0"
"63725142223133","12383508","0","0"
"63725143122113","11929713","0","0"
"63725143123313","13284362","0","0"
"63741252222323","6923355","0","0"
"63741522123131","7975425","0","0"
"63742511232221","7929001","0","0"
"63745123122212","6645959","0","0"
"63751242221321","7425962","0","0"
"63751423122311","11316812","0","0"
"63752141111111","9291928","0","0"
"63752141122211","9314659","0","0"
"63752141123213","9899624","0","0"
"63752142332132","5592154","0","0"
"63752143123223","7138428","0","0"
"63752143212323","9192273","0","0"
"63752143223123","6681369","0","0"
"63752411223212","13702474","0","0"
"63752411333213","10180208","0","0"
"63752412312323","10824488","0","0"
"63752412322112","6228371","0","0"
"63752412333113","8934001","0","0"
"63754213122122","9477542","0","0"
"64125371131313","15375229","0","0"
"64157321133212","27518969","0","0"
"64231572311132","9077747","0","0"
"64257131113223","14782704","0","0"
"64271533221212","7551774","0","0"
"64275131212223","9741671","0","0"
"64275131312123","10342235","0","0"
"64275132211133","12255460","0","0"
"64275132232133","13084507","0","0"
"64275133231112","7651197","0","0"
"64275133312211","8476973","0","0"
"64275311112332","6730031","0","0"
"64275311222222","8213639","0","0"
"64275313312211","8797719","0","0"
"64321572111131","22789299","0","0"
"64321572132131","7865048","0","0"
"64321572311132","9224163","0","0"
"64325713121222","16763832","0","0"
"64351272132131","6793938","0","0"
"64357212313211","9167683","0","0"
"64357213231322","11358279","0","0"
"64357213312211","10840623","0","0"
"64531271212211","12651798","0","0"
"64531272132131","9592265","0","0"
"64531273122131","8252410","0","0"
"64531273123121","6809202","0","0"
"64531273311311","7953890","0","0"
"64531273312211","6289945","0","0"
"64572131122223","7818700","0","0"
"64713253112111","8687167","0","0"
"65123471112311","6714719","0","0"
"65123471233232","10122129","0","0"
"65123472312311","7093621","0","0"
"65132471212112","8512431","0","0"
"65132471222111","5090004","0","0"
"65132471231321","11614770","0","0"
"65132471323121","8004653","0","0"
"65132472131231","9876302","0","0"
"65132472212231","10123954","0","0"
"65132472233321","11093468","0","0"
"65132473111331","7771338","0","0"
"65132473313312","6542557","0","0"
"65132473323311","5369992","0","0"
"65132741223323","5268488","0","0"
"65132743222331","8669647","0","0"
"65134721233232","10194810","0","0"
"65147321232113","13512866","0","0"
"65172431132333","10289327","0","0"
"65174232123131","7015623","0","0"
"65174232133313","10662750","0","0"
"65174232323312","9134186","0","0"
"65174233323212","10552384","0","0"
"65174233331213","18434861","0","0"
"65174322313211","6579680","0","0"
"65174323223123","8856656","0","0"
"65213741111111","9926383","0","0"
"65241371111111","9318449","0","0"
"65243712121322","9578998","0","0"
"65271341332331","7538220","0","0"
"65271432231233","7907826","0","0"
"65274131111111","9989929","0","0"
"65274131311313","6879526","0","0"
"65274131312213","6931662","0","0"
"65274132123332","6909305","0","0"
"65274133132223","6321518","0","0"
"65274133232321","5388972","0","0"
"65274133312223","13068365","0","0"
"65314272311132","8012664","0","0"
"65314272313211","13861285","0","0"
"65321472111122","10772272","0","0"
"65417321232113","7530725","0","0"
"65417323223123","7856356","0","0"
"65417323232123","8374139","0","0"
"65423713321322","10976510","0","0"
"65432173232321","10141500","0","0"
"65471231132213","10325450","0","0"
"65714323223123","8140470","0","0"
"65723143321313","11727318","0","0"
"65732411333123","13421387","0","0"
"65742311212313","7707252","0","0"
"67132541133311","11198708","0","0"
"67145323133312","10738405","0","0"
"67154233323332","8212639","0","0"
"67215343333133","14815985","0","0"
"67231541323112","11747600","0","0"
"67231543323122","10849183","0","0"
"67234513332122","6556167","0","0"
"67245131313323","10213771","0","0"
"67245311112311","14345131","0","0"
"67245311133233","6608993","0","0"
"67254311131133","10127885","0","0"
"67254313311113","7946177","0","0"
"67312452233321","9088185","0","0"
"67312541121221","5763753","0","0"
"67312542221111","8407192","0","0"
"67321451111123","10449004","0","0"
"67321451112311","8762945","0","0"
"67321451212211","12689187","0","0"
"67321451311133","9766338","0","0"
"67321452111122","10359333","0","0"
"67321453113311","11194317","0","0"
"67321542232133","7457537","0","0"
"67341252222323","6816002","0","0"
"67342512222113","6020941","0","0"
"67345122223133","9516116","0","0"
"67345122232133","12652068","0","0"
"67345211111123","6547651","0","0"
"67345211111132","8553588","0","0"
"67345211112233","8470050","0","0"
"67345211113322","9809514","0","0"
"67345211211122","10211713","0","0"
"67345211311133","12879896","0","0"
"67345212111122","9298430","0","0"
"67345213111133","13549914","0","0"
"67354121111111","8960469","0","0"
"67354211212121","6338530","0","0"
"67354211313113","11111926","0","0"
"67354211333111","10928394","0","0"
"67354212111221","6834876","0","0"
"67354212212222","8288093","0","0"
"67354212311132","13073481","0","0"
"67354213111313","7338369","0","0"
"67354213131311","8689773","0","0"
"67354213211132","13821087","0","0"
"67354213313333","8505731","0","0"
"67412353132121","8999257","0","0"
"67412353332221","6542404","0","0"
"67412531131133","8376841","0","0"
"67435121332112","5401176","0","0"
"67435123123121","5222305","0","0"
"67452313321232","9084086","0","0"
"71234563231322","8911793","0","0"
"71263541333222","14069778","0","0"
"71263542323123","13374944","0","0"
"71264533131323","7922314","0","0"
"71264533221323","9241951","0","0"
"71264533231223","11137870","0","0"
"71264533231313","11649044","0","0"
"71326451211311","9116771","0","0"
"71326453132121","6037225","0","0"
"71326543333313","10519964","0","0"
"71345262132131","7005632","0","0"
"71362453113311","8344271","0","0"
"71365423331312","8741298","0","0"
"71423563213232","6562917","0","0"
"71423653213232","7023510","0","0"
"71426353312211","8775172","0","0"
"71426533333223","14804465","0","0"
"71432561232323","8437154","0","0"
"71432561323232","8667765","0","0"
"71432562111221","10212492","0","0"
"71432563232213","6331654","0","0"
"71432563323113","6669632","0","0"
"71432563323122","6865943","0","0"
"71432563332113","6849521","0","0"
"71435261322233","9719805","0","0"
"71435262222122","6887285","0","0"
"71435263211123","10014553","0","0"
"71435263311122","10351934","0","0"
"71435263333133","7028175","0","0"
"71435263333223","7366744","0","0"
"71435623333331","9183493","0","0"
"71436253333112","18541610","0","0"
"71452363213232","7078399","0","0"
"71452632222131","9706330","0","0"
"71453262222221","8791717","0","0"
"71453623311122","10700535","0","0"
"71456321322323","8043146","0","0"
"71456322111221","6186877","0","0"
"71462531113322","12943381","0","0"
"71462532111212","6936411","0","0"
"71462532121112","6291770","0","0"
"71462533111223","10312725","0","0"
"71462533221113","11375297","0","0"
"71463523331222","6926674","0","0"
"71523463131311","11668290","0","0"
"71523463231313","10062182","0","0"
"71523463331312","10616437","0","0"
"71532463221332","7017655","0","0"
"71534262122222","7067781","0","0"
"71542633132322","7130981","0","0"
"71543622111131","6783896","0","0"
"71543623111121","7206848","0","0"
"71546233331213","12032372","0","0"
"71546322231212","11346827","0","0"
"71562433123232","6554198","0","0"
"71563243221221","7578861","0","0"
"71625433213133","13207687","0","0"
"71643252231212","8842401","0","0"
"71643523331213","10565664","0","0"
"72134562312212","7440276","0","0"
"72136541322233","7288362","0","0"
"72143563222331","5771780","0","0"
"72143651121113","8023081","0","0"
"72143651131112","8694315","0","0"
"72143651213111","6820348","0","0"
"72143651312111","8783698","0","0"
"72143652111311","7006718","0","0"
"72143653111211","7701426","0","0"
"72145631233223","9071362","0","0"
"72145633232231","7886739","0","0"
"72145633312223","13552948","0","0"
"72146352232223","7615872","0","0"
"72163452122222","13586384","0","0"
"72163453121213","7928253","0","0"
"72163453131212","13246559","0","0"
"72163453133333","7760523","0","0"
"72163453331333","8365617","0","0"
"72164353131113","7174741","0","0"
"72165431113331","5784082","0","0"
"72165432111113","9973319","0","0"
"72165432111122","9136021","0","0"
"72165432211112","6898269","0","0"
"72165432323312","6022513","0","0"
"72165433111112","7438162","0","0"
"72165433121333","7802420","0","0"
"72165433221233","6551740","0","0"
"72165433233323","12809495","0","0"
"72165433321223","7226832","0","0"
"72165433331213","6709900","0","0"
"72345611111111","10256935","0","0"
"72345611133113","5724998","0","0"
"72345611221223","5714720","0","0"
"72345611222222","8490616","0","0"
"72345611331332","7535614","0","0"
"72345612122111","8512301","0","0"
"72345612331331","5313369","0","0"
"72345613221221","5489805","0","0"
"72345613333331","7245773","0","0"
"72356141112323","8470854","0","0"
"72356141232113","8547481","0","0"
"72356143211123","10802751","0","0"
"72361453232333","6141143","0","0"
"72361542333233","12116919","0","0"
"72365412222212","9955634","0","0"
"72365413121312","10864377","0","0"
"72365413131212","8833579","0","0"
"72365413331333","8408661","0","0"
"72435163333313","8682579","0","0"
"72513641232323","6801717","0","0"
"72513641233322","9001946","0","0"
"72516342313223","10883140","0","0"
"72531463321232","9351439","0","0"
"72534163211123","8744035","0","0"
"72541631111213","8841199","0","0"
"72541631111312","7643806","0","0"
"72541631112131","7584888","0","0"
"72541631113121","9343664","0","0"
"72541632131111","11634981","0","0"
"72541633121111","14183720","0","0"
"72543162311111","6381718","0","0"
"72543163211111","5867078","0","0"
"72543611221223","6753316","0","0"
"72543611223221","8347720","0","0"
"72543611331332","7834030","0","0"
"72543611332331","8409773","0","0"
"72543612331331","7637950","0","0"
"72543613132232","13014166","0","0"
"72543613133222","14189082","0","0"
"72543613221221","8143754","0","0"
"72543613223312","13509425","0","0"
"72543613322312","10125233","0","0"
"72546311323112","8860007","0","0"
"72546313323212","9477354","0","0"
"72561342313223","10757387","0","0"
"72561432213122","9556445","0","0"
"72561433221233","10874655","0","0"
"72561433311233","14630663","0","0"
"72561433321133","9127160","0","0"
"72561433321223","11112040","0","0"
"72563411111213","6453621","0","0"
"72563411111312","8428788","0","0"
"72563411112131","10837755","0","0"
"72563411113121","8289290","0","0"
"72563412131111","11573599","0","0"
"72563413121111","11840740","0","0"
"72643513212311","9259446","0","0"
"72643513212332","8554473","0","0"
"73125463133132","9999532","0","0"
"73146522113231","6738470","0","0"
"73246153312211","5923249","0","0"
"73456123231322","6053273","0","0"
"73516243323113","11087448","0","0"
"73516243332131","5597379","0","0"
"73541262321212","13753254","0","0"
"73542163321133","10284519","0","0"
"73542613132121","8827083","0","0"
"73542613132322","5827546","0","0"
"73564213321322","9759639","0","0"
"73614251112323","8679641","0","0"
"73615241112323","11827529","0","0"
"73615241113322","11158803","0","0"
"73615242223133","12386263","0","0"
"73615243123313","10416418","0","0"
"73615243213313","7986948","0","0"
"73615243331312","7676007","0","0"
"73615243332311","7470918","0","0"
"73615421113322","8947365","0","0"
"73615423213211","11114091","0","0"
"73615423333331","8015697","0","0"
"73624513121132","16363016","0","0"
"73624513332131","8059079","0","0"
"73625141112323","9600223","0","0"
"73625143121213","12365855","0","0"
"73625143333313","5718165","0","0"
"73625412222323","6493106","0","0"
"73642511111111","9481799","0","0"
"73642511113232","9846742","0","0"
"73642511113322","12461016","0","0"
"73642513223222","12137457","0","0"
"73645121113211","10821009","0","0"
"73645122222311","6743360","0","0"
"73645211223113","5714615","0","0"
"73645211231111","9710481","0","0"
"73645211321111","7533191","0","0"
"73645211332112","7433887","0","0"
"73645213112231","7051233","0","0"
"73645213333112","10654996","0","0"
"73651241113322","11528703","0","0"
"73652413211312","6564869","0","0"
"73652413331321","7171188","0","0"
"73654122111122","11556756","0","0"
"73654122221111","5954405","0","0"
"73654211111132","7754086","0","0"
"74123563323221","6736797","0","0"
"74123652322121","11545347","0","0"
"74123653132232","11499602","0","0"
"74123653133132","9547737","0","0"
"74123653133222","10700316","0","0"
"74123653133231","9880482","0","0"
"74125631313311","6167310","0","0"
"74125632121121","7738269","0","0"
"74125632122111","5175059","0","0"
"74125632131111","10761354","0","0"
"74125632321332","7081358","0","0"
"74125633121111","9400969","0","0"
"74125633131233","10290995","0","0"
"74125633132232","7530633","0","0"
"74125633133222","5588567","0","0"
"74125633133312","7489030","0","0"
"74125633332323","8514647","0","0"
"74126352333122","10788279","0","0"
"74132561321231","10204980","0","0"
"74132562121121","6811858","0","0"
"74132562122111","5072740","0","0"
"74132563131221","15295786","0","0"
"74132563132112","8470083","0","0"
"74136522322121","9296768","0","0"
"74152363132232","9536615","0","0"
"74152363133132","7680855","0","0"
"74152363133222","8191188","0","0"
"74152363133231","9647946","0","0"
"74156322122123","6403311","0","0"
"74156322122321","4870969","0","0"
"74156322313223","7382306","0","0"
"74156323132331","7903999","0","0"
"74156323133123","13149196","0","0"
"74163251121122","5549657","0","0"
"74163252112211","6638080","0","0"
"74163252131111","14945640","0","0"
"74163253121111","7407952","0","0"
"74163253131332","12389758","0","0"
"74163253133132","5394394","0","0"
"74163253133213","11913577","0","0"
"74163253133231","5478422","0","0"
"74163253332323","7254449","0","0"
"74165231121212","11039267","0","0"
"74165231131313","21731077","0","0"
"74165231212121","8972236","0","0"
"74165231313131","7818757","0","0"
"74165232111212","6009515","0","0"
"74165232121112","10753945","0","0"
"74165232121211","6086999","0","0"
"74165233111313","6924596","0","0"
"74165233131113","21586268","0","0"
"74165233131311","9378694","0","0"
"74165233131323","9445568","0","0"
"74165233132313","23674032","0","0"
"74165233231313","14796733","0","0"
"74213652323132","5830278","0","0"
"74251633111313","7786078","0","0"
"74256311321222","14556040","0","0"
"74256313111232","12000787","0","0"
"74265312333233","6582796","0","0"
"74312652333332","6885533","0","0"
"74321563311131","8797520","0","0"
"74321653233323","7539011","0","0"
"74325163131323","8209863","0","0"
"74325612221222","7055657","0","0"
"74325613121312","12457429","0","0"
"74325613131212","11389531","0","0"
"74325613133333","8057572","0","0"
"74361253112132","19292068","0","0"
"74361253211231","7042800","0","0"
"74365211121221","6454543","0","0"
"74365211213111","10566985","0","0"
"74365211312111","8572806","0","0"
"74365211313113","7691319","0","0"
"74365211333111","7457329","0","0"
"74365212111311","14838494","0","0"
"74365212222323","5951048","0","0"
"74365212333332","5578322","0","0"
"74365213111211","16070528","0","0"
"74365213121333","5829801","0","0"
"74512361322233","8141640","0","0"
"74512362313223","6551900","0","0"
"74513263121222","10265763","0","0"
"74521632222212","12849871","0","0"
"74521633121213","10710589","0","0"
"74521633121312","8678132","0","0"
"74521633133333","13604682","0","0"
"74521633333313","15912857","0","0"
"74523611121113","6108282","0","0"
"74523611131112","10792246","0","0"
"74523611213111","7252662","0","0"
"74523611312111","7209190","0","0"
"74523612111311","8199587","0","0"
"74523613111211","6588137","0","0"
"74532163123223","7354379","0","0"
"74561231111222","5707869","0","0"
"74561232111113","11582742","0","0"
"74561232221111","7255266","0","0"
"74561233111112","7831486","0","0"
"74561233131233","6440779","0","0"
"74561233233323","12044604","0","0"
"74561233311233","5492954","0","0"
"74561233321133","7015238","0","0"
"74561233321313","12031775","0","0"
"74563211232332","8489498","0","0"
"74653213133222","11319247","0","0"
"75132463233233","7848722","0","0"
"75143263231313","10406763","0","0"
"75146321323331","8772122","0","0"
"75213642223133","8113286","0","0"
"75231463211123","14639538","0","0"
"75234161322233","7694906","0","0"
"75234162221111","9986314","0","0"
"75236143213232","7890239","0","0"
"75241632222323","8716198","0","0"
"75243162211322","17776210","0","0"
"75243611113232","8080177","0","0"
"75243613213232","7581546","0","0"
"75246131333312","8854126","0","0"
"75246311111111","16211549","0","0"
"75246313212311","10753583","0","0"
"75246313312211","11214393","0","0"
"75246313332332","8056880","0","0"
"75261432123233","8828415","0","0"
"75264132121232","8014410","0","0"
"75264132223331","6856499","0","0"
"75264132321212","5908589","0","0"
"75264133121333","9519203","0","0"
"75264133331213","7677234","0","0"
"75264311223122","12097159","0","0"
"75264313231112","8216384","0","0"
"75312463333133","9200733","0","0"
"75314621133221","7754570","0","0"
"75314621313212","25319393","0","0"
"75314623113122","7163777","0","0"
"75316241231231","8297649","0","0"
"75321461311112","15874428","0","0"
"75321463132121","7201195","0","0"
"75346122133133","7405070","0","0"
"75346211133122","9971857","0","0"
"75346211211311","16448167","0","0"
"75346211311211","14022327","0","0"
"75346212323333","6743856","0","0"
"75346213112132","7341445","0","0"
"75346213132121","6806462","0","0"
"75346213132322","8964296","0","0"
"75346213332122","9756902","0","0"
"75412631223332","7524506","0","0"
"75416323232213","7865166","0","0"
"75431263133213","8876423","0","0"
"75462132123212","9665677","0","0"
"75613243131332","8347607","0","0"
"75613243133213","8100712","0","0"
"75634123323122","7419447","0","0"
"75641323232111","6518551","0","0"
"75642132213311","7657638","0","0"
"76123453233323","6791821","0","0"
"76125343333133","8817428","0","0"
"76143252131312","10237119","0","0"
"76143252221222","7778145","0","0"
"76143253131212","12134169","0","0"
"76143253331333","7995674","0","0"
"76143253333313","10160361","0","0"
"76145231121113","6779086","0","0"
"76145231122112","13030491","0","0"
"76145231131112","7647241","0","0"
"76145231221112","16158941","0","0"
"76145231311331","5705142","0","0"
"76145232123332","5997305","0","0"
"76145232233213","14047935","0","0"
"76145232331313","16780123","0","0"
"76145232332213","14321354","0","0"
"76145233133213","12233965","0","0"
"76145233232333","6925956","0","0"
"76154323333112","10150581","0","0"
"76213543213133","11387304","0","0"
"76213543311332","7464897","0","0"
"76215341231231","7791543","0","0"
"76215433333133","8449259","0","0"
"76231451123111","7235145","0","0"
"76245311121131","5356771","0","0"
"76245311131121","5124501","0","0"
"76245311213312","12410240","0","0"
"76245312132131","6401725","0","0"
"76245313122122","9162867","0","0"
"76245313123121","6758662","0","0"
"76253141123132","9096099","0","0"
"76253141211332","10446242","0","0"
"76253413322312","7594946","0","0"
"76254133311323","14129971","0","0"
"76254313211111","14235054","0","0"
"76312452212111","10783319","0","0"
"76312453211111","9084652","0","0"
"76312453311311","6091998","0","0"
"76312542321212","6166374","0","0"
"76312542322121","5632842","0","0"
"76312543322222","8882027","0","0"
"76315241112113","6855318","0","0"
"76315241113112","6131703","0","0"
"76315241223113","9261643","0","0"
"76315241322122","5084462","0","0"
"76315241323313","9993178","0","0"
"76315241332112","6373031","0","0"
"76315243211231","8597391","0","0"
"76315243323323","5666913","0","0"
"76321452122123","7084414","0","0"
"76321452122321","8055947","0","0"
"76321452122333","7833037","0","0"
"76321452123323","9804624","0","0"
"76321452212231","12804176","0","0"
"76321452213122","9749388","0","0"
"76321453233131","7468267","0","0"
"76321453311233","11650019","0","0"
"76321453313312","13923609","0","0"
"76321453321133","7240225","0","0"
"76321453323311","10560514","0","0"
"76321542211112","14310849","0","0"
"76321543211111","9335087","0","0"
"76321543311131","9887031","0","0"
"76324151112233","6879852","0","0"
"76324151112323","8985942","0","0"
"76324153323122","5675094","0","0"
"76325411111213","6629309","0","0"
"76325411111312","19086523","0","0"
"76325411112131","7802572","0","0"
"76325411113121","8575456","0","0"
"76325411122121","5502625","0","0"
"76325411331311","7585595","0","0"
"76325412112121","10082072","0","0"
"76325412231212","12591252","0","0"
"76325412333233","8962675","0","0"
"76325413222223","6198617","0","0"
"76341251111213","11369880","0","0"
"76341251111312","9919716","0","0"
"76341251112131","11108787","0","0"
"76341251113121","8158678","0","0"
"76341251221121","7112831","0","0"
"76341251311313","7680586","0","0"
"76341252232313","7449120","0","0"
"76341252323333","5640578","0","0"
"76341253221212","10789644","0","0"
"76341253233131","4828472","0","0"
"76342511111231","6851502","0","0"
"76342511111321","9145365","0","0"
"76342511323112","6781790","0","0"
"76342512232223","6604010","0","0"
"76342513213112","12822107","0","0"
"76342513322111","9054951","0","0"
"76342513323122","6942311","0","0"
"76342513323212","6344443","0","0"
"76345122211112","8890535","0","0"
"76345122211121","7754131","0","0"
"76345122213311","8656353","0","0"
"76345122311111","10029397","0","0"
"76345123211111","9051410","0","0"
"76345123311113","6834112","0","0"
"76345123311131","6290944","0","0"
"76345123312211","6523736","0","0"
"76351421112323","8608990","0","0"
"76351421113322","7098103","0","0"
"76351423321232","5553576","0","0"
"76354121121212","5850651","0","0"
"76354121122121","4958440","0","0"
"76354121311313","6385112","0","0"
"76354121313131","7926932","0","0"
"76354122111212","7460592","0","0"
"76354122112121","7974342","0","0"
"76354122212222","13878725","0","0"
"76354123211123","7430341","0","0"
"76354123211132","7199131","0","0"
"76354123313333","14580055","0","0"
"76354212213323","6719018","0","0"
"76354212312233","11369516","0","0"
"76354212313322","12285349","0","0"
"76354212333332","7437829","0","0"
"76354213222223","5985217","0","0"
"76354213312223","6633325","0","0"
"76421351131121","6598838","0","0"
"76512343213313","21563797","0","0"
"76512343332311","9729615","0","0"
"76514321112323","7315681","0","0"
"76514321232113","11125923","0","0"
"76521433232333","7132518","0","0"
"76523413223231","8942268","0","0"
"76524313331222","9027851","0","0"
"76541232131213","21248409","0","0"
"76541232221222","8227045","0","0"
"76541233121213","15439030","0","0"
"76541233331333","8577386","0","0"
"76541233333313","7652448","0","0"
"76543211111111","14915982","0","0"
"76543211212112","9075925","0","0"
"76543211223221","6735353","0","0"
"76543211332331","7915075","0","0"
"76543211333333","7057710","0","0"
"76543212132323","6021546","0","0"
"76543212222221","7946274","0","0"
"76543212323213","6089866","0","0"
"76543213113131","6508777","0","0"
